,0,1,2,3
0,"['ensg00000131236', 'ensg00000168374', 'ensg00000105835', 'ensg00000114850', 'ensg00000055208', 'ensg00000164442', 'ensg00000143384', 'ensg00000135631', 'ensg00000105971', 'ensg00000138829']","[0, 0, 0, 0, 0, 0, 0, 0, 0, 0, 0.1494, 0.1494, 0.1494, 0.1494, 0.1494, 0.1494, 0.1494, 0.1494]","[0, 0.02238, 0.06905, 0.2444, 0.2519, 0.2518, 0.2579, 0.2807, 0.308, 0.3508, 0.4429, 0.4429, 0.4429, 0.4429, 0.4429, 0.4429, 0.4429, 0.4429]","[0, 0.01696, 0.03922, 0.2855, 0.5795, 0.6075, 0.5901, 0.6322, 0.6305, 0.6434, 0.6946, 0.6946, 0.6946, 0.6946, 0.6946, 0.6946, 0.6946, 0.6946]"
1,"['ensg00000113742', 'ensg00000162734', 'ensg00000213719', 'ensg00000164442', 'ensg00000085998', 'ensg00000117298', 'ensg00000151414', 'ensg00000143549', 'ensg00000162909', 'ensg00000034510']","[0, 0, 0, 0, 0, 0, 0, 0, 0, 0.04066, 0.1139, 0.1139, 0.1139, 0.1139, 0.1139, 0.1139, 0.1139, 0.1139]","[0, 0.03447, 0.07024, 0.0765, 0.1119, 0.2018, 0.2325, 0.2464, 0.268, 0.3144, 0.3494, 0.3494, 0.3494, 0.3494, 0.3494, 0.3494, 0.3494, 0.3494]","[0, 0.104, 0.1114, 0.5814, 0.5649, 0.7193, 0.7007, 0.6921, 0.7654, 0.8092, 0.8012, 0.8012, 0.8012, 0.8012, 0.8012, 0.8012, 0.8012, 0.8012]"
2,"['ensg00000113742', 'ensg00000204525', 'ensg00000114850', 'ensg00000234745', 'ensg00000155380', 'ensg00000163681', 'ensg00000146112', 'ensg00000128595', 'ensg00000094975', 'ensg00000115762']","[0, 0, 0, 0, 0, 0, 0, 0, 0, 0.03213, 0.1296, 0.1296, 0.1296, 0.1296, 0.1296, 0.1296, 0.1296, 0.1296]","[0, 0.03447, 0.2004, 0.1968, 0.2195, 0.2231, 0.2567, 0.2749, 0.3121, 0.3306, 0.3634, 0.3634, 0.3634, 0.3634, 0.3634, 0.3634, 0.3634, 0.3634]","[0, 0.104, 0.1166, 0.3046, 0.3456, 0.3428, 0.5217, 0.5838, 0.8537, 0.8697, 0.8583, 0.8583, 0.8583, 0.8583, 0.8583, 0.8583, 0.8583, 0.8583]"
3,"['ensg00000115091', 'ensg00000143198', 'ensg00000105971', 'ensg00000061938', 'ensg00000131711', 'ensg00000106366', 'ensg00000133657', 'ensg00000122786', 'ensg00000092820', 'ensg00000142669']","[0, 0, 0, 0, 0, 0, 0, 0, 0, 0, 0.03965, 0.03965, 0.03965, 0.03965, 0.03965, 0.03965, 0.03965, 0.03965]","[0, 0.01131, 0.1639, 0.1692, 0.1739, 0.1921, 0.2176, 0.2705, 0.3069, 0.3346, 0.3598, 0.3598, 0.3598, 0.3598, 0.3598, 0.3598, 0.3598, 0.3598]","[0, 0.07333, 0.2847, 0.3001, 0.3015, 0.3085, 0.3725, 0.3949, 0.4285, 0.443, 0.4605, 0.4605, 0.4605, 0.4605, 0.4605, 0.4605, 0.4605, 0.4605]"
4,"['ensg00000135631', 'ensg00000138760', 'ensg00000106066', 'ensg00000061938', 'ensg00000213626', 'ensg00000120708', 'ensg00000094975', 'ensg00000069275', 'ensg00000130508', 'ensg00000133657']","[0, 0, 0, 0, 0, 0, 0, 0, 0, 0.06645, 0.1668, 0.1668, 0.1668, 0.1668, 0.1668, 0.1668, 0.1668, 0.1668]","[0, 0.01717, 0.06639, 0.2253, 0.2272, 0.2549, 0.2606, 0.2736, 0.2912, 0.3127, 0.3524, 0.3524, 0.3524, 0.3524, 0.3524, 0.3524, 0.3524, 0.3524]","[0, 0.04776, 0.1759, 0.1737, 0.1757, 0.3007, 0.328, 0.5908, 0.5779, 0.5826, 0.9691, 0.9691, 0.9691, 0.9691, 0.9691, 0.9691, 0.9691, 0.9691]"
5,"['ensg00000162734', 'ensg00000143324', 'ensg00000137177', 'ensg00000055208', 'ensg00000122786', 'ensg00000164305', 'ensg00000106397', 'ensg00000169756', 'ensg00000213719', 'ensg00000113742']","[0, 0, 0, 0, 0, 0, 0, 0, 0, 0.09929, 0.1796, 0.1796, 0.1796, 0.1796, 0.1796, 0.1796, 0.1796, 0.1796]","[0, 0.04343, 0.2272, 0.2444, 0.2447, 0.2456, 0.2507, 0.2645, 0.2864, 0.3129, 0.3429, 0.3429, 0.3429, 0.3429, 0.3429, 0.3429, 0.3429, 0.3429]","[0, 0.01794, 0.1809, 0.27, 0.3063, 0.3123, 0.3133, 0.5763, 0.5839, 0.8136, 0.7951, 0.7951, 0.7951, 0.7951, 0.7951, 0.7951, 0.7951, 0.7951]"
6,"['ensg00000154553', 'ensg00000106366', 'ensg00000168374', 'ensg00000116260', 'ensg00000162909', 'ensg00000143324', 'ensg00000116133', 'ensg00000164442', 'ensg00000105974', 'ensg00000092820']","[0, 0, 0, 0, 0, 0, 0, 0, 0, 0, 0.084, 0.084, 0.084, 0.084, 0.084, 0.084, 0.084, 0.084]","[0, 0.2579, 0.2521, 0.2464, 0.2527, 0.2529, 0.2588, 0.269, 0.284, 0.3102, 0.3529, 0.3529, 0.3529, 0.3529, 0.3529, 0.3529, 0.3529, 0.3529]","[0, 0.1032, 0.1315, 0.1342, 0.4546, 0.6077, 0.6017, 0.5887, 0.595, 0.585, 0.6079, 0.6079, 0.6079, 0.6079, 0.6079, 0.6079, 0.6079, 0.6079]"
7,"['ensg00000003756', 'ensg00000114480', 'ensg00000072682', 'ensg00000074800', 'ensg00000063660', 'ensg00000038382', 'ensg00000143549', 'ensg00000128591', 'ensg00000169756', 'ensg00000083444']","[0, 0, 0, 0, 0, 0, 0, 0, 0, 0, 0.04419, 0.04419, 0.04419, 0.04419, 0.04419, 0.04419, 0.04419, 0.04419]","[0, 0.1518, 0.1811, 0.1827, 0.201, 0.2079, 0.2174, 0.2675, 0.2833, 0.3172, 0.3594, 0.3594, 0.3594, 0.3594, 0.3594, 0.3594, 0.3594, 0.3594]","[0, 0.1013, 0.1174, 0.1413, 0.6112, 0.6754, 0.7825, 0.7624, 0.7435, 0.7337, 0.8106, 0.8106, 0.8106, 0.8106, 0.8106, 0.8106, 0.8106, 0.8106]"
8,"['ensg00000164442', 'ensg00000134250', 'ensg00000151729', 'ensg00000176087', 'ensg00000063660', 'ensg00000131711', 'ensg00000164292', 'ensg00000135074', 'ensg00000122786', 'ensg00000163171']","[0, 0, 0, 0, 0, 0, 0, 0, 0, 0, 0.07623, 0.07623, 0.07623, 0.07623, 0.07623, 0.07623, 0.07623, 0.07623]","[0, 0.04443, 0.05694, 0.1771, 0.1785, 0.2189, 0.2597, 0.277, 0.2965, 0.3166, 0.3444, 0.3444, 0.3444, 0.3444, 0.3444, 0.3444, 0.3444, 0.3444]","[0, 0.006573, 0.02328, 0.05694, 0.08149, 0.2611, 0.3246, 0.3429, 0.5976, 0.6033, 0.6073, 0.6073, 0.6073, 0.6073, 0.6073, 0.6073, 0.6073, 0.6073]"
9,"['ensg00000113648', 'ensg00000137267', 'ensg00000131236', 'ensg00000145730', 'ensg00000069275', 'ensg00000058668', 'ensg00000130508', 'ensg00000106397', 'ensg00000145817', 'ensg00000213190']","[0, 0, 0, 0, 0, 0, 0, 0, 0, 0, 0.07858, 0.07858, 0.07858, 0.07858, 0.07858, 0.07858, 0.07858, 0.07858]","[0, 0.02584, 0.03283, 0.04937, 0.2084, 0.2292, 0.2449, 0.268, 0.2863, 0.308, 0.3467, 0.3467, 0.3467, 0.3467, 0.3467, 0.3467, 0.3467, 0.3467]","[0, 0.01472, 0.2034, 0.2081, 0.3875, 0.5105, 0.7519, 0.7428, 0.7769, 0.8636, 0.8593, 0.8593, 0.8593, 0.8593, 0.8593, 0.8593, 0.8593, 0.8593]"
10,"['ensg00000058262', 'ensg00000134250', 'ensg00000105971', 'ensg00000143384', 'ensg00000164305', 'ensg00000071127', 'ensg00000164442', 'ensg00000049323', 'ensg00000061938', 'ensg00000075624']","[0, 0, 0, 0, 0, 0, 0, 0, 0, 0, 0.005779, 0.005779, 0.005779, 0.005779, 0.005779, 0.005779, 0.005779, 0.005779]","[0, 0.06191, 0.1095, 0.1124, 0.1202, 0.206, 0.2383, 0.2599, 0.2839, 0.3167, 0.345, 0.345, 0.345, 0.345, 0.345, 0.345, 0.345, 0.345]","[0, 0.01328, 0.04895, 0.06686, 0.08564, 0.1816, 0.2434, 0.3119, 0.3524, 0.3894, 0.5168, 0.5168, 0.5168, 0.5168, 0.5168, 0.5168, 0.5168, 0.5168]"
11,"['ensg00000113648', 'ensg00000114850', 'ensg00000128595', 'ensg00000142669', 'ensg00000137267', 'ensg00000069275', 'ensg00000106366', 'ensg00000155366', 'ensg00000151414', 'ensg00000071127']","[0, 0, 0, 0, 0, 0, 0, 0, 0, 0, 0.05491, 0.05491, 0.05491, 0.05491, 0.05491, 0.05491, 0.05491, 0.05491]","[0, 0.02584, 0.03282, 0.224, 0.2292, 0.2316, 0.2446, 0.2664, 0.2907, 0.3133, 0.3417, 0.3417, 0.3417, 0.3417, 0.3417, 0.3417, 0.3417, 0.3417]","[0, 0.01472, 0.1903, 0.4826, 0.6164, 0.6061, 0.7183, 0.8067, 0.795, 0.7774, 0.788, 0.788, 0.788, 0.788, 0.788, 0.788, 0.788, 0.788]"
12,"['ensg00000204525', 'ensg00000113504', 'ensg00000003756', 'ensg00000071127', 'ensg00000130508', 'ensg00000162734', 'ensg00000143549', 'ensg00000114480', 'ensg00000069275', 'ensg00000117298']","[0, 0, 0, 0, 0, 0, 0, 0, 0.02971, 0.08731, 0.1541, 0.1541, 0.1541, 0.1541, 0.1541, 0.1541, 0.1541, 0.1541]","[0, 0.2003, 0.2034, 0.2083, 0.2109, 0.2148, 0.2231, 0.2516, 0.2695, 0.2933, 0.3357, 0.3357, 0.3357, 0.3357, 0.3357, 0.3357, 0.3357, 0.3357]","[0, 0.07836, 0.1726, 0.2064, 0.2073, 0.2538, 0.2585, 0.6043, 0.7057, 0.8347, 0.8148, 0.8148, 0.8148, 0.8148, 0.8148, 0.8148, 0.8148, 0.8148]"
13,"['ensg00000124831', 'ensg00000106366', 'ensg00000145730', 'ensg00000135631', 'ensg00000113504', 'ensg00000061938', 'ensg00000196352', 'ensg00000176087', 'ensg00000144357', 'ensg00000152127']","[0, 0, 0, 0, 0, 0, 0, 0, 0, 0.08755, 0.1522, 0.1522, 0.1522, 0.1522, 0.1522, 0.1522, 0.1522, 0.1522]","[0, 0.1949, 0.1977, 0.2065, 0.2288, 0.2313, 0.2375, 0.2938, 0.307, 0.3265, 0.3529, 0.3529, 0.3529, 0.3529, 0.3529, 0.3529, 0.3529, 0.3529]","[0, 0.0895, 0.1248, 0.2496, 0.2462, 0.5582, 0.5467, 0.6906, 0.6936, 0.696, 0.6915, 0.6915, 0.6915, 0.6915, 0.6915, 0.6915, 0.6915, 0.6915]"
14,"['ensg00000213190', 'vardur (ms)', 'ensg00000116133', 'ensg00000112715', 'ensg00000034510', 'ensg00000117298', 'ensg00000143149', 'ensg00000114480', 'ensg00000196569', 'ensg00000122786']","[0, 0, 0, 0, 0, 0, 0, 0, 0, 0.09203, 0.1694, 0.1694, 0.1694, 0.1694, 0.1694, 0.1694, 0.1694, 0.1694]","[0, 0.1733, 0.2181, 0.2458, 0.2433, 0.2479, 0.2581, 0.2677, 0.2837, 0.3577, 0.4135, 0.4135, 0.4135, 0.4135, 0.4135, 0.4135, 0.4135, 0.4135]","[0, 0.1069, 0.1995, 0.2568, 0.2533, 0.5901, 0.7259, 0.8628, 0.8942, 0.9232, 0.9291, 0.9291, 0.9291, 0.9291, 0.9291, 0.9291, 0.9291, 0.9291]"
15,"['ensg00000122786', 'ensg00000159840', 'ensg00000128595', 'ensg00000131016', 'ensg00000163681', 'ensg00000143324', 'ensg00000075624', 'ensg00000112186', 'ensg00000198830', 'ensg00000106366']","[0, 0, 0, 0, 0, 0, 0, 0, 0, 0, 0.1058, 0.1058, 0.1058, 0.1058, 0.1058, 0.1058, 0.1058, 0.1058]","[0, 0.1033, 0.1026, 0.105, 0.2237, 0.2336, 0.2418, 0.2529, 0.2941, 0.3242, 0.3596, 0.3596, 0.3596, 0.3596, 0.3596, 0.3596, 0.3596, 0.3596]","[0, 0.1989, 0.2038, 0.2004, 0.2026, 0.2902, 0.2941, 0.3298, 0.51, 0.5405, 0.5665, 0.5665, 0.5665, 0.5665, 0.5665, 0.5665, 0.5665, 0.5665]"
16,"['ensg00000117385', 'ensg00000142669', 'ensg00000135631', 'ensg00000114480', 'ensg00000113504', 'ensg00000115762', 'ensg00000131711', 'ensg00000196083', 'ensg00000113657', 'ensg00000130508']","[0, 0, 0, 0, 0, 0, 0, 0, 0, 0, 0.1473, 0.1473, 0.1473, 0.1473, 0.1473, 0.1473, 0.1473, 0.1473]","[0, 0.1033, 0.103, 0.1091, 0.2267, 0.2779, 0.3108, 0.3632, 0.3759, 0.5027, 0.522, 0.522, 0.522, 0.522, 0.522, 0.522, 0.522, 0.522]","[0, 0.1989, 0.1949, 0.1932, 0.2244, 0.2419, 0.3589, 0.3602, 0.4071, 0.4148, 0.6832, 0.6832, 0.6832, 0.6832, 0.6832, 0.6832, 0.6832, 0.6832]"
17,"['ensg00000117385', 'ensg00000138760', 'ensg00000213190', 'ensg00000124831', 'ensg00000170876', 'ensg00000094975', 'ensg00000092820', 'ensg00000151414', 'ensg00000047849', 'ensg00000198830']","[0, 0, 0, 0, 0, 0, 0, 0, 0.06286, 0.1245, 0.2146, 0.2146, 0.2146, 0.2146, 0.2146, 0.2146, 0.2146, 0.2146]","[0, 0.1397, 0.1533, 0.2045, 0.2054, 0.2164, 0.2665, 0.2752, 0.3208, 0.4068, 0.4231, 0.4231, 0.4231, 0.4231, 0.4231, 0.4231, 0.4231, 0.4231]","[0, 0.001602, 0.1056, 0.3044, 0.3498, 0.6928, 0.674, 0.6672, 0.6499, 0.7114, 0.7028, 0.7028, 0.7028, 0.7028, 0.7028, 0.7028, 0.7028, 0.7028]"
18,"['ensg00000105974', 'ensg00000113742', 'ensg00000128595', 'ensg00000145817', 'ensg00000143384', 'ensg00000105971', 'ensg00000164305', 'ensg00000131711', 'ensg00000159840', 'ensg00000072682']","[0, 0, 0, 0, 0, 0, 0, 0, 0, 0.05165, 0.163, 0.163, 0.163, 0.163, 0.163, 0.163, 0.163, 0.163]","[0, 0.1994, 0.2317, 0.2266, 0.225, 0.2487, 0.2594, 0.2695, 0.2844, 0.3063, 0.3573, 0.3573, 0.3573, 0.3573, 0.3573, 0.3573, 0.3573, 0.3573]","[0, 0.2051, 0.2075, 0.2068, 0.4146, 0.4228, 0.4951, 0.4957, 0.633, 0.6331, 0.6458, 0.6458, 0.6458, 0.6458, 0.6458, 0.6458, 0.6458, 0.6458]"
19,"['ensg00000159840', 'ensg00000152127', 'ensg00000196569', 'ensg00000113657', 'ensg00000112186', 'ensg00000115091', 'ensg00000117450', 'ensg00000124831', 'ensg00000162734', 'ensg00000142669']","[0, 0, 0, 0, 0, 0, 0, 0, 0, 0, 0.05606, 0.05606, 0.05606, 0.05606, 0.05606, 0.05606, 0.05606, 0.05606]","[0, 0.04289, 0.04745, 0.2122, 0.22, 0.2244, 0.2361, 0.2585, 0.2982, 0.3181, 0.3458, 0.3458, 0.3458, 0.3458, 0.3458, 0.3458, 0.3458, 0.3458]","[0, 0.1459, 0.1475, 0.1771, 0.1784, 0.189, 0.2238, 0.4684, 0.4713, 0.4739, 0.4824, 0.4824, 0.4824, 0.4824, 0.4824, 0.4824, 0.4824, 0.4824]"
20,"['ensg00000131711', 'ensg00000135631', 'ensg00000122786', 'ensg00000196569', 'ensg00000131236', 'ensg00000058262', 'ensg00000047849', 'ensg00000137177', 'ensg00000164442', 'ensg00000117394']","[0, 0, 0, 0, 0, 0, 0, 0, 0, 0.06461, 0.1537, 0.1537, 0.1537, 0.1537, 0.1537, 0.1537, 0.1537, 0.1537]","[0, 0.04547, 0.2296, 0.2253, 0.2335, 0.2461, 0.2523, 0.2665, 0.2964, 0.3192, 0.3472, 0.3472, 0.3472, 0.3472, 0.3472, 0.3472, 0.3472, 0.3472]","[0, 0.02192, 0.1801, 0.1828, 0.2934, 0.2927, 0.3014, 0.3337, 0.9692, 0.9592, 0.957, 0.957, 0.957, 0.957, 0.957, 0.957, 0.957, 0.957]"
21,"['ensg00000047849', 'ensg00000130508', 'ensg00000162734', 'ensg00000234745', 'ensg00000083444', 'ensg00000131236', 'ensg00000154553', 'ensg00000151729', 'ensg00000145817', 'ensg00000151414']","[0, 0, 0, 0, 0, 0, 0, 0, 0, 0, 0.1133, 0.1133, 0.1133, 0.1133, 0.1133, 0.1133, 0.1133, 0.1133]","[0, 0.04289, 0.1034, 0.1873, 0.2199, 0.2527, 0.2627, 0.2745, 0.292, 0.3129, 0.352, 0.352, 0.352, 0.352, 0.352, 0.352, 0.352, 0.352]","[0, 0.1459, 0.1556, 0.2132, 0.2358, 0.3863, 0.6332, 0.6555, 0.6846, 0.8839, 0.9556, 0.9556, 0.9556, 0.9556, 0.9556, 0.9556, 0.9556, 0.9556]"
22,"['ensg00000131711', 'ensg00000196569', 'ensg00000047849', 'ensg00000143324', 'ensg00000143799', 'ensg00000234745', 'ensg00000092820', 'ensg00000135631', 'ensg00000106397', 'ensg00000055208']","[0, 0, 0, 0, 0, 0, 0, 0, 0, 0, 0.0446, 0.0446, 0.0446, 0.0446, 0.0446, 0.0446, 0.0446, 0.0446]","[0, 0.06503, 0.2475, 0.2452, 0.2557, 0.2572, 0.2849, 0.318, 0.3426, 0.3575, 0.3825, 0.3825, 0.3825, 0.3825, 0.3825, 0.3825, 0.3825, 0.3825]","[0, 0.01766, 0.07582, 0.1097, 0.3199, 0.3978, 0.4365, 0.4386, 0.7365, 0.7176, 0.7016, 0.7016, 0.7016, 0.7016, 0.7016, 0.7016, 0.7016, 0.7016]"
23,"['ensg00000131016', 'ensg00000112715', 'ensg00000138448', 'ensg00000105835', 'ensg00000204525', 'ensg00000168374', 'ensg00000116133', 'ensg00000135074', 'ensg00000069275', 'ensg00000058668']","[0, 0, 0, 0, 0, 0, 0, 0, 0, 0, 0.02814, 0.02814, 0.02814, 0.02814, 0.02814, 0.02814, 0.02814, 0.02814]","[0, 0.1994, 0.1972, 0.1996, 0.2568, 0.2628, 0.2666, 0.2756, 0.2903, 0.3147, 0.4897, 0.4897, 0.4897, 0.4897, 0.4897, 0.4897, 0.4897, 0.4897]","[0, 0.2051, 0.1997, 0.2019, 0.3091, 0.3229, 0.3441, 0.3757, 0.3797, 0.4275, 0.4876, 0.4876, 0.4876, 0.4876, 0.4876, 0.4876, 0.4876, 0.4876]"
24,"['ensg00000159840', 'ensg00000142669', 'ensg00000137177', 'ensg00000105835', 'ensg00000034510', 'ensg00000196569', 'ensg00000130508', 'ensg00000168374', 'ensg00000047849', 'ensg00000196352']","[0, 0, 0, 0, 0, 0, 0, 0, 0, 0.05461, 0.1841, 0.1841, 0.1841, 0.1841, 0.1841, 0.1841, 0.1841, 0.1841]","[0, 0.1383, 0.2586, 0.256, 0.2546, 0.2544, 0.2654, 0.2778, 0.2963, 0.3324, 0.4178, 0.4178, 0.4178, 0.4178, 0.4178, 0.4178, 0.4178, 0.4178]","[0, 0.007126, 0.221, 0.2812, 0.298, 0.3783, 0.4331, 0.4341, 0.4966, 0.6124, 0.9648, 0.9648, 0.9648, 0.9648, 0.9648, 0.9648, 0.9648, 0.9648]"
25,"['ensg00000163681', 'ensg00000075426', 'ensg00000113504', 'ensg00000234745', 'ensg00000155380', 'ensg00000151729', 'ensg00000143149', 'ensg00000213719', 'ensg00000124831', 'ensg00000117385']","[0, 0, 0, 0, 0, 0, 0, 0, 0, 0, 0.1222, 0.1222, 0.1222, 0.1222, 0.1222, 0.1222, 0.1222, 0.1222]","[0, 0.005222, 0.05565, 0.0613, 0.1914, 0.2457, 0.2873, 0.2962, 0.3097, 0.3281, 0.3542, 0.3542, 0.3542, 0.3542, 0.3542, 0.3542, 0.3542, 0.3542]","[0, 0.03319, 0.0461, 0.05228, 0.06286, 0.4093, 0.5293, 0.5867, 0.5738, 0.6116, 0.8335, 0.8335, 0.8335, 0.8335, 0.8335, 0.8335, 0.8335, 0.8335]"
26,"['ensg00000072682', 'ensg00000164442', 'ensg00000143384', 'ensg00000135074', 'ensg00000115414', 'ensg00000196569', 'ensg00000075624', 'ensg00000069275', 'ensg00000146112', 'ensg00000145730']","[0, 0, 0, 0, 0, 0, 0, 0, 0, 0.04712, 0.1326, 0.1326, 0.1326, 0.1326, 0.1326, 0.1326, 0.1326, 0.1326]","[0, 0.06425, 0.0782, 0.2173, 0.2215, 0.2406, 0.2483, 0.2586, 0.2906, 0.3123, 0.3615, 0.3615, 0.3615, 0.3615, 0.3615, 0.3615, 0.3615, 0.3615]","[0, 0.05694, 0.6116, 0.6101, 0.6592, 0.649, 0.6301, 0.8127, 0.9358, 0.9219, 0.9845, 0.9845, 0.9845, 0.9845, 0.9845, 0.9845, 0.9845, 0.9845]"
27,"['ensg00000138448', 'ensg00000213719', 'ensg00000155380', 'ensg00000117385', 'ensg00000038382', 'ensg00000138829', 'ensg00000106397', 'ensg00000105974', 'ensg00000061938', 'ensg00000094975']","[0, 0, 0, 0, 0, 0, 0, 0, 0, 0.09427, 0.1578, 0.1578, 0.1578, 0.1578, 0.1578, 0.1578, 0.1578, 0.1578]","[0, 0.001907, 0.09864, 0.1845, 0.2448, 0.3009, 0.3018, 0.3075, 0.3221, 0.3453, 0.3691, 0.3691, 0.3691, 0.3691, 0.3691, 0.3691, 0.3691, 0.3691]","[0, 0.001749, 0.1576, 0.1924, 0.268, 0.299, 0.3008, 0.5235, 0.6338, 0.7086, 0.6943, 0.6943, 0.6943, 0.6943, 0.6943, 0.6943, 0.6943, 0.6943]"
28,"['ensg00000151414', 'ensg00000144357', 'ensg00000196352', 'ensg00000034510', 'vardur (ms)', 'ensg00000234745', 'ensg00000047849', 'ensg00000135074', 'ensg00000074800', 'ensg00000114480']","[0, 0, 0, 0, 0, 0, 0, 0, 0, 0.04939, 0.128, 0.128, 0.128, 0.128, 0.128, 0.128, 0.128, 0.128]","[0, 0.1662, 0.1618, 0.1661, 0.191, 0.2387, 0.267, 0.2755, 0.2898, 0.3111, 0.3397, 0.3397, 0.3397, 0.3397, 0.3397, 0.3397, 0.3397, 0.3397]","[0, 0.1262, 0.1652, 0.1782, 0.2548, 0.3222, 0.524, 0.5133, 0.5053, 0.5058, 0.651, 0.651, 0.651, 0.651, 0.651, 0.651, 0.651, 0.651]"
29,"['ensg00000196352', 'ensg00000177606', 'ensg00000106366', 'ensg00000145817', 'ensg00000132780', 'ensg00000155366', 'ensg00000162433', 'ensg00000074800', 'ensg00000142669', 'ensg00000113657']","[0, 0, 0, 0, 0, 0, 0, 0, 0, 0.02246, 0.1025, 0.1025, 0.1025, 0.1025, 0.1025, 0.1025, 0.1025, 0.1025]","[0, 0.06201, 0.1739, 0.1979, 0.2054, 0.2096, 0.2233, 0.2409, 0.2934, 0.3158, 0.3446, 0.3446, 0.3446, 0.3446, 0.3446, 0.3446, 0.3446, 0.3446]","[0, 0.01465, 0.1305, 0.2381, 0.2663, 0.2686, 0.548, 0.6964, 0.7046, 0.8108, 0.8161, 0.8161, 0.8161, 0.8161, 0.8161, 0.8161, 0.8161, 0.8161]"
30,"['ensg00000144357', 'ensg00000143799', 'ensg00000138760', 'ensg00000143549', 'ensg00000152127', 'ensg00000163681', 'ensg00000162433', 'ensg00000137267', 'ensg00000003756', 'ensg00000116260']","[0, 0, 0, 0, 0, 0, 0, 0, 0, 0.02664, 0.1052, 0.1052, 0.1052, 0.1052, 0.1052, 0.1052, 0.1052, 0.1052]","[0, 0.1949, 0.2141, 0.214, 0.2146, 0.2263, 0.2728, 0.2807, 0.2945, 0.3148, 0.3444, 0.3444, 0.3444, 0.3444, 0.3444, 0.3444, 0.3444, 0.3444]","[0, 0.0895, 0.09008, 0.1155, 0.2749, 0.4785, 0.5051, 0.6456, 0.6298, 0.6731, 0.6897, 0.6897, 0.6897, 0.6897, 0.6897, 0.6897, 0.6897, 0.6897]"
31,"['ensg00000075624', 'ensg00000143149', 'ensg00000163681', 'ensg00000187678', 'ensg00000162734', 'ensg00000049323', 'ensg00000047849', 'ensg00000034510', 'ensg00000145817', 'ensg00000133657']","[0, 0, 0, 0, 0, 0, 0, 0, 0, 0.02402, 0.1119, 0.1119, 0.1119, 0.1119, 0.1119, 0.1119, 0.1119, 0.1119]","[0, 0.04343, 0.04621, 0.06175, 0.2032, 0.2073, 0.2727, 0.307, 0.323, 0.3536, 0.3875, 0.3875, 0.3875, 0.3875, 0.3875, 0.3875, 0.3875, 0.3875]","[0, 0.01794, 0.02212, 0.04022, 0.0526, 0.2014, 0.4414, 0.493, 0.688, 0.6741, 0.7531, 0.7531, 0.7531, 0.7531, 0.7531, 0.7531, 0.7531, 0.7531]"
32,"['ensg00000124831', 'ensg00000162433', 'ensg00000113657', 'ensg00000135074', 'ensg00000034510', 'ensg00000047849', 'ensg00000106631', 'ensg00000128595', 'ensg00000115758', 'ensg00000145730']","[0, 0, 0, 0, 0, 0, 0, 0, 0, 0.0134, 0.09373, 0.09373, 0.09373, 0.09373, 0.09373, 0.09373, 0.09373, 0.09373]","[0, 0.1507, 0.2098, 0.2059, 0.2108, 0.217, 0.2247, 0.2491, 0.2847, 0.3178, 0.3605, 0.3605, 0.3605, 0.3605, 0.3605, 0.3605, 0.3605, 0.3605]","[0, 0.08043, 0.09473, 0.5291, 0.5134, 0.5006, 0.488, 0.5195, 0.5965, 0.6414, 0.6534, 0.6534, 0.6534, 0.6534, 0.6534, 0.6534, 0.6534, 0.6534]"
33,"['ensg00000162734', 'ensg00000196352', 'ensg00000197965', 'ensg00000155380', 'ensg00000138448', 'ensg00000128591', 'ensg00000083444', 'ensg00000151414', 'ensg00000058262', 'ensg00000117450']","[0, 0, 0, 0, 0, 0, 0, 0, 0, 0, 0.02924, 0.02924, 0.02924, 0.02924, 0.02924, 0.02924, 0.02924, 0.02924]","[0, 0.175, 0.1762, 0.1745, 0.1787, 0.2445, 0.2715, 0.3189, 0.3499, 0.367, 0.3877, 0.3877, 0.3877, 0.3877, 0.3877, 0.3877, 0.3877, 0.3877]","[0, 0.1295, 0.1269, 0.1515, 0.3347, 0.3836, 0.3872, 0.3913, 0.4056, 0.4203, 0.4387, 0.4387, 0.4387, 0.4387, 0.4387, 0.4387, 0.4387, 0.4387]"
34,"['ensg00000128595', 'ensg00000152127', 'ensg00000162734', 'ensg00000151729', 'ensg00000143799', 'ensg00000116260', 'ensg00000047849', 'vardur (ms)', 'ensg00000213626', 'ensg00000063660']","[0, 0, 0, 0, 0, 0, 0, 0, 0, 0.051, 0.1435, 0.1435, 0.1435, 0.1435, 0.1435, 0.1435, 0.1435, 0.1435]","[0, 0.1944, 0.2361, 0.2405, 0.2718, 0.2938, 0.2991, 0.3047, 0.3271, 0.3439, 0.371, 0.371, 0.371, 0.371, 0.371, 0.371, 0.371, 0.371]","[0, 0.1645, 0.1653, 0.2562, 0.3475, 0.7445, 0.7302, 0.7124, 0.6973, 0.9205, 0.9224, 0.9224, 0.9224, 0.9224, 0.9224, 0.9224, 0.9224, 0.9224]"
35,"['ensg00000117394', 'ensg00000204525', 'ensg00000135074', 'ensg00000135631', 'ensg00000151729', 'ensg00000106631', 'ensg00000114480', 'ensg00000196352', 'ensg00000063660', 'ensg00000122786']","[0, 0, 0, 0, 0, 0, 0, 0, 0, 0, 0.04447, 0.04447, 0.04447, 0.04447, 0.04447, 0.04447, 0.04447, 0.04447]","[0, 0.2469, 0.2405, 0.2352, 0.2435, 0.2477, 0.2647, 0.2793, 0.3033, 0.3304, 0.3563, 0.3563, 0.3563, 0.3563, 0.3563, 0.3563, 0.3563, 0.3563]","[0, 0.3039, 0.3244, 0.338, 0.3293, 0.3246, 0.3351, 0.3374, 0.3699, 0.4353, 0.4635, 0.4635, 0.4635, 0.4635, 0.4635, 0.4635, 0.4635, 0.4635]"
36,"['ensg00000143149', 'ensg00000132780', 'ensg00000213190', 'ensg00000115091', 'ensg00000120708', 'ensg00000124831', 'ensg00000143198', 'ensg00000112715', 'ensg00000196569', 'ensg00000164305']","[0, 0, 0, 0, 0, 0, 0, 0, 0, 0.02601, 0.1018, 0.1018, 0.1018, 0.1018, 0.1018, 0.1018, 0.1018, 0.1018]","[0, 0.1485, 0.1502, 0.1847, 0.2474, 0.2593, 0.2631, 0.2933, 0.3167, 0.339, 0.3695, 0.3695, 0.3695, 0.3695, 0.3695, 0.3695, 0.3695, 0.3695]","[0, 0.03469, 0.04448, 0.2184, 0.7003, 0.6992, 0.7994, 0.8612, 0.8907, 0.8771, 0.8744, 0.8744, 0.8744, 0.8744, 0.8744, 0.8744, 0.8744, 0.8744]"
37,"['ensg00000117298', 'ensg00000170876', 'ensg00000075426', 'ensg00000058668', 'ensg00000114850', 'ensg00000152127', 'ensg00000105974', 'ensg00000074800', 'ensg00000124831', 'ensg00000142669']","[0, 0, 0, 0, 0, 0, 0, 0, 0, 0, 0.002974, 0.002974, 0.002974, 0.002974, 0.002974, 0.002974, 0.002974, 0.002974]","[0, 0.08242, 0.08252, 0.1941, 0.2161, 0.2419, 0.2481, 0.2585, 0.2825, 0.3119, 0.3424, 0.3424, 0.3424, 0.3424, 0.3424, 0.3424, 0.3424, 0.3424]","[0, 0.0547, 0.08398, 0.2456, 0.2534, 0.2617, 0.3293, 0.3388, 0.3881, 0.4035, 0.4229, 0.4229, 0.4229, 0.4229, 0.4229, 0.4229, 0.4229, 0.4229]"
38,"['ensg00000196083', 'ensg00000162734', 'ensg00000143198', 'ensg00000159840', 'ensg00000058262', 'ensg00000083444', 'ensg00000113742', 'ensg00000072682', 'ensg00000115091', 'ensg00000075426']","[0, 0, 0, 0, 0, 0, 0, 0, 0, 0.05442, 0.1306, 0.1306, 0.1306, 0.1306, 0.1306, 0.1306, 0.1306, 0.1306]","[0, 0.1482, 0.1842, 0.182, 0.1856, 0.1981, 0.2267, 0.2402, 0.2638, 0.3041, 0.3367, 0.3367, 0.3367, 0.3367, 0.3367, 0.3367, 0.3367, 0.3367]","[0, 0.128, 0.1422, 0.146, 0.2198, 0.4052, 0.5159, 0.5046, 0.6181, 0.6056, 0.6125, 0.6125, 0.6125, 0.6125, 0.6125, 0.6125, 0.6125, 0.6125]"
39,"['ensg00000117450', 'ensg00000143384', 'ensg00000198830', 'ensg00000112715', 'ensg00000034510', 'ensg00000117385', 'ensg00000151414', 'ensg00000114850', 'ensg00000169756', 'ensg00000075426']","[0, 0, 0, 0, 0, 0, 0, 0, 0, 0.05867, 0.1822, 0.1822, 0.1822, 0.1822, 0.1822, 0.1822, 0.1822, 0.1822]","[0, 0.169, 0.1943, 0.2171, 0.2195, 0.2369, 0.2478, 0.2583, 0.2924, 0.3135, 0.3579, 0.3579, 0.3579, 0.3579, 0.3579, 0.3579, 0.3579, 0.3579]","[0, 0.1513, 0.1612, 0.1762, 0.3539, 0.443, 0.56, 0.5496, 0.5955, 0.7347, 0.7224, 0.7224, 0.7224, 0.7224, 0.7224, 0.7224, 0.7224, 0.7224]"
40,"['ensg00000138829', 'ensg00000131016', 'ensg00000105835', 'ensg00000143384', 'ensg00000106631', 'ensg00000122786', 'ensg00000049323', 'ensg00000162734', 'ensg00000113742', 'ensg00000094975']","[0, 0, 0, 0, 0, 0, 0, 0, 0, 0.0251, 0.1067, 0.1067, 0.1067, 0.1067, 0.1067, 0.1067, 0.1067, 0.1067]","[0, 0.1949, 0.2173, 0.2361, 0.2418, 0.2448, 0.2501, 0.2701, 0.3007, 0.3262, 0.3585, 0.3585, 0.3585, 0.3585, 0.3585, 0.3585, 0.3585, 0.3585]","[0, 0.0895, 0.1594, 0.264, 0.2597, 0.2758, 0.2934, 0.4582, 0.7578, 0.7495, 0.7316, 0.7316, 0.7316, 0.7316, 0.7316, 0.7316, 0.7316, 0.7316]"
41,"['ensg00000106631', 'ensg00000047849', 'ensg00000162734', 'ensg00000131711', 'ensg00000105974', 'ensg00000038382', 'ensg00000163171', 'ensg00000143198', 'ensg00000164305', 'ensg00000176087']","[0, 0, 0, 0, 0, 0, 0, 0, 0, 0.02399, 0.1291, 0.1291, 0.1291, 0.1291, 0.1291, 0.1291, 0.1291, 0.1291]","[0, 0.01112, 0.0446, 0.2216, 0.2454, 0.2482, 0.2713, 0.3133, 0.3274, 0.3571, 0.3805, 0.3805, 0.3805, 0.3805, 0.3805, 0.3805, 0.3805, 0.3805]","[0, 0.01104, 0.1461, 0.2069, 0.2297, 0.2353, 0.5132, 0.5298, 0.5208, 0.5671, 0.7866, 0.7866, 0.7866, 0.7866, 0.7866, 0.7866, 0.7866, 0.7866]"
42,"['ensg00000130508', 'ensg00000169756', 'ensg00000049323', 'ensg00000155380', 'ensg00000138760', 'ensg00000038382', 'ensg00000197965', 'ensg00000112186', 'ensg00000163681', 'ensg00000144357']","[0, 0, 0, 0, 0, 0, 0, 0, 0, 0, 0.04121, 0.04121, 0.04121, 0.04121, 0.04121, 0.04121, 0.04121, 0.04121]","[0, 0.07265, 0.08682, 0.1572, 0.1938, 0.1993, 0.252, 0.2634, 0.28, 0.3072, 0.3452, 0.3452, 0.3452, 0.3452, 0.3452, 0.3452, 0.3452, 0.3452]","[0, 0.07274, 0.1271, 0.1837, 0.2076, 0.2276, 0.6593, 0.6969, 0.8054, 0.8157, 0.8524, 0.8524, 0.8524, 0.8524, 0.8524, 0.8524, 0.8524, 0.8524]"
43,"['ensg00000124831', 'ensg00000094975', 'ensg00000106631', 'ensg00000058262', 'ensg00000112186', 'ensg00000138448', 'ensg00000234745', 'ensg00000075426', 'ensg00000213719', 'ensg00000132780']","[0, 0, 0, 0, 0, 0, 0, 0, 0, 0.01913, 0.09926, 0.09926, 0.09926, 0.09926, 0.09926, 0.09926, 0.09926, 0.09926]","[0, 0.1018, 0.1905, 0.1965, 0.2086, 0.2145, 0.2612, 0.2763, 0.2939, 0.3147, 0.3427, 0.3427, 0.3427, 0.3427, 0.3427, 0.3427, 0.3427, 0.3427]","[0, 0.06162, 0.07501, 0.1258, 0.4767, 0.5431, 0.7155, 0.7035, 0.739, 0.7804, 0.7973, 0.7973, 0.7973, 0.7973, 0.7973, 0.7973, 0.7973, 0.7973]"
44,"['ensg00000143384', 'ensg00000137267', 'ensg00000034510', 'ensg00000234745', 'ensg00000134250', 'ensg00000196083', 'ensg00000188157', 'ensg00000115091', 'ensg00000146112', 'ensg00000113648']","[0, 0, 0, 0, 0, 0, 0, 0, 0, 0, 0.1279, 0.1279, 0.1279, 0.1279, 0.1279, 0.1279, 0.1279, 0.1279]","[0, 0.04328, 0.06126, 0.1856, 0.2349, 0.2361, 0.2419, 0.2591, 0.278, 0.3024, 0.3393, 0.3393, 0.3393, 0.3393, 0.3393, 0.3393, 0.3393, 0.3393]","[0, 0.002244, 0.0169, 0.07867, 0.4502, 0.5138, 0.8136, 0.8077, 0.8413, 0.8211, 0.8949, 0.8949, 0.8949, 0.8949, 0.8949, 0.8949, 0.8949, 0.8949]"
45,"['ensg00000061938', 'ensg00000137267', 'ensg00000115758', 'ensg00000092820', 'ensg00000132780', 'ensg00000075426', 'ensg00000112186', 'ensg00000122786', 'ensg00000213190', 'ensg00000116133']","[0, 0, 0, 0, 0, 0, 0, 0, 0, 0.0004295, 0.0839, 0.0839, 0.0839, 0.0839, 0.0839, 0.0839, 0.0839, 0.0839]","[0, 0.2074, 0.2116, 0.2144, 0.2199, 0.2225, 0.2595, 0.2703, 0.2943, 0.3164, 0.3441, 0.3441, 0.3441, 0.3441, 0.3441, 0.3441, 0.3441, 0.3441]","[0, 0.2168, 0.2109, 0.5437, 0.5271, 0.5118, 0.5799, 0.565, 0.7041, 0.8309, 0.8447, 0.8447, 0.8447, 0.8447, 0.8447, 0.8447, 0.8447, 0.8447]"
46,"['ensg00000164305', 'ensg00000117450', 'ensg00000168374', 'ensg00000198830', 'ensg00000162909', 'ensg00000213626', 'ensg00000092820', 'ensg00000106366', 'ensg00000120708', 'ensg00000117298']","[0, 0, 0, 0, 0, 0, 0, 0, 0, 0.02827, 0.1252, 0.1252, 0.1252, 0.1252, 0.1252, 0.1252, 0.1252, 0.1252]","[0, 0.06662, 0.08155, 0.1818, 0.1848, 0.2466, 0.2517, 0.2677, 0.2847, 0.3097, 0.3394, 0.3394, 0.3394, 0.3394, 0.3394, 0.3394, 0.3394, 0.3394]","[0, 0.0359, 0.0388, 0.1536, 0.1762, 0.2558, 0.262, 0.5378, 0.5281, 0.5315, 0.5936, 0.5936, 0.5936, 0.5936, 0.5936, 0.5936, 0.5936, 0.5936]"
47,"['ensg00000143799', 'ensg00000143384', 'ensg00000151729', 'ensg00000213626', 'ensg00000131236', 'ensg00000106211', 'ensg00000131016', 'ensg00000143324', 'ensg00000063660', 'ensg00000204525']","[0, 0, 0, 0, 0, 0, 0, 0, 0, 0, 0.08048, 0.08048, 0.08048, 0.08048, 0.08048, 0.08048, 0.08048, 0.08048]","[0, 0.007311, 0.02909, 0.03676, 0.2096, 0.2553, 0.2631, 0.2835, 0.3015, 0.3248, 0.3516, 0.3516, 0.3516, 0.3516, 0.3516, 0.3516, 0.3516, 0.3516]","[0, 0.2107, 0.2547, 0.4241, 0.6528, 0.8526, 0.9116, 0.8964, 0.8833, 0.8644, 0.8499, 0.8499, 0.8499, 0.8499, 0.8499, 0.8499, 0.8499, 0.8499]"
48,"['ensg00000145730', 'ensg00000169756', 'ensg00000213719', 'ensg00000204525', 'ensg00000131016', 'ensg00000132780', 'ensg00000058668', 'ensg00000143384', 'ensg00000213626', 'ensg00000134250']","[0, 0, 0, 0, 0, 0, 0, 0, 0, 0.08989, 0.1544, 0.1544, 0.1544, 0.1544, 0.1544, 0.1544, 0.1544, 0.1544]","[0, 0.002175, 0.06987, 0.09684, 0.1038, 0.2563, 0.27, 0.2797, 0.3308, 0.4142, 0.4323, 0.4323, 0.4323, 0.4323, 0.4323, 0.4323, 0.4323, 0.4323]","[0, 0.196, 0.2256, 0.2343, 0.2326, 0.4505, 0.6332, 0.6183, 0.6177, 0.6296, 0.6349, 0.6349, 0.6349, 0.6349, 0.6349, 0.6349, 0.6349, 0.6349]"
49,"['ensg00000038382', 'ensg00000164442', 'ensg00000152127', 'ensg00000138829', 'ensg00000117298', 'ensg00000145817', 'ensg00000058668', 'ensg00000131711', 'ensg00000143198', 'ensg00000069275']","[0, 0, 0, 0, 0, 0, 0, 0, 0, 0.03162, 0.1325, 0.1325, 0.1325, 0.1325, 0.1325, 0.1325, 0.1325, 0.1325]","[0, 0.1669, 0.2258, 0.2371, 0.2345, 0.2436, 0.2509, 0.2746, 0.2901, 0.3111, 0.3444, 0.3444, 0.3444, 0.3444, 0.3444, 0.3444, 0.3444, 0.3444]","[0, 0.0208, 0.264, 0.339, 0.3376, 0.3564, 0.383, 0.4306, 0.4302, 0.9637, 0.9545, 0.9545, 0.9545, 0.9545, 0.9545, 0.9545, 0.9545, 0.9545]"
50,"['ensg00000198830', 'ensg00000092820', 'ensg00000106211', 'ensg00000115414', 'ensg00000152127', 'ensg00000071127', 'ensg00000112715', 'ensg00000134250', 'ensg00000105971', 'ensg00000063660']","[0, 0, 0, 0, 0, 0, 0, 0, 0, 0, 0.01889, 0.01889, 0.01889, 0.01889, 0.01889, 0.01889, 0.01889, 0.01889]","[0, 0.0221, 0.04443, 0.1427, 0.2385, 0.249, 0.2938, 0.2998, 0.3241, 0.3412, 0.3728, 0.3728, 0.3728, 0.3728, 0.3728, 0.3728, 0.3728, 0.3728]","[0, 0.03591, 0.07748, 0.09581, 0.1811, 0.1877, 0.2717, 0.3528, 0.3598, 0.3775, 0.4818, 0.4818, 0.4818, 0.4818, 0.4818, 0.4818, 0.4818, 0.4818]"
51,"['ensg00000114850', 'ensg00000168374', 'ensg00000162909', 'ensg00000137267', 'ensg00000105835', 'ensg00000188157', 'ensg00000117450', 'ensg00000143799', 'ensg00000094975', 'ensg00000143198']","[0, 0, 0, 0, 0, 0, 0, 0, 0, 0.02445, 0.1062, 0.1062, 0.1062, 0.1062, 0.1062, 0.1062, 0.1062, 0.1062]","[0, 0.06259, 0.07035, 0.07704, 0.1992, 0.2093, 0.2212, 0.2847, 0.3097, 0.3321, 0.3905, 0.3905, 0.3905, 0.3905, 0.3905, 0.3905, 0.3905, 0.3905]","[0, 0.02136, 0.1028, 0.2765, 0.3877, 0.3861, 0.6296, 0.7484, 0.7696, 0.807, 0.8634, 0.8634, 0.8634, 0.8634, 0.8634, 0.8634, 0.8634, 0.8634]"
52,"['ensg00000114480', 'ensg00000143324', 'ensg00000138829', 'ensg00000113648', 'ensg00000196569', 'ensg00000155366', 'ensg00000134250', 'ensg00000055208', 'ensg00000114850', 'ensg00000071127']","[0, 0, 0, 0, 0, 0, 0, 0, 0, 0, 0.127, 0.127, 0.127, 0.127, 0.127, 0.127, 0.127, 0.127]","[0, 0.007827, 0.08856, 0.1042, 0.1994, 0.2138, 0.2361, 0.2483, 0.2708, 0.3092, 0.3397, 0.3397, 0.3397, 0.3397, 0.3397, 0.3397, 0.3397, 0.3397]","[0, 0.06486, 0.07499, 0.1119, 0.3949, 0.3869, 0.3944, 0.3928, 0.3956, 0.4607, 0.8034, 0.8034, 0.8034, 0.8034, 0.8034, 0.8034, 0.8034, 0.8034]"
53,"['ensg00000145817', 'ensg00000197965', 'ensg00000152127', 'ensg00000138448', 'ensg00000074800', 'ensg00000135631', 'ensg00000168374', 'ensg00000138760', 'vardur (ms)', 'ensg00000146112']","[0, 0, 0, 0, 0, 0, 0, 0, 0, 0.07436, 0.1437, 0.1437, 0.1437, 0.1437, 0.1437, 0.1437, 0.1437, 0.1437]","[0, 0.09359, 0.1005, 0.1886, 0.2371, 0.239, 0.2444, 0.2614, 0.2781, 0.3137, 0.345, 0.345, 0.345, 0.345, 0.345, 0.345, 0.345, 0.345]","[0, 0.1655, 0.1896, 0.1889, 0.2165, 0.4135, 0.4149, 0.7142, 0.7006, 0.6832, 0.7155, 0.7155, 0.7155, 0.7155, 0.7155, 0.7155, 0.7155, 0.7155]"
54,"['ensg00000071127', 'ensg00000132780', 'ensg00000137177', 'ensg00000124831', 'ensg00000170876', 'ensg00000061938', 'ensg00000145730', 'ensg00000168374', 'ensg00000144357', 'ensg00000113657']","[0, 0, 0, 0, 0, 0, 0, 0, 0, 0.05538, 0.1258, 0.1258, 0.1258, 0.1258, 0.1258, 0.1258, 0.1258, 0.1258]","[0, 0.001907, 0.2514, 0.2519, 0.2575, 0.2731, 0.2767, 0.2844, 0.3012, 0.3213, 0.3483, 0.3483, 0.3483, 0.3483, 0.3483, 0.3483, 0.3483, 0.3483]","[0, 0.001749, 0.1032, 0.1212, 0.1618, 0.2868, 0.2925, 0.5931, 0.7026, 0.69, 0.679, 0.679, 0.679, 0.679, 0.679, 0.679, 0.679, 0.679]"
55,"['ensg00000116133', 'ensg00000113742', 'ensg00000114850', 'ensg00000115762', 'ensg00000143198', 'ensg00000213719', 'ensg00000170876', 'ensg00000094975', 'ensg00000177606', 'ensg00000213190']","[0, 0, 0, 0, 0, 0, 0, 0, 0, 0, 0.01239, 0.01239, 0.01239, 0.01239, 0.01239, 0.01239, 0.01239, 0.01239]","[0, 0.1662, 0.1699, 0.1743, 0.1808, 0.2381, 0.2551, 0.2671, 0.2826, 0.3064, 0.3361, 0.3361, 0.3361, 0.3361, 0.3361, 0.3361, 0.3361, 0.3361]","[0, 0.1262, 0.2366, 0.3402, 0.3931, 0.3921, 0.6296, 0.6458, 0.7548, 0.7514, 0.7332, 0.7332, 0.7332, 0.7332, 0.7332, 0.7332, 0.7332, 0.7332]"
56,"['ensg00000162909', 'ensg00000105971', 'ensg00000131016', 'ensg00000128595', 'ensg00000145730', 'ensg00000114480', 'ensg00000055208', 'ensg00000144357', 'ensg00000106631', 'ensg00000114850']","[0, 0, 0, 0, 0, 0, 0, 0, 0, 0.05132, 0.1467, 0.1467, 0.1467, 0.1467, 0.1467, 0.1467, 0.1467, 0.1467]","[0, 0.02746, 0.2031, 0.1993, 0.2153, 0.2323, 0.2529, 0.2664, 0.3154, 0.3352, 0.3603, 0.3603, 0.3603, 0.3603, 0.3603, 0.3603, 0.3603, 0.3603]","[0, 0.1266, 0.2917, 0.4445, 0.4618, 0.6183, 0.6352, 0.8509, 0.8715, 0.8577, 0.9084, 0.9084, 0.9084, 0.9084, 0.9084, 0.9084, 0.9084, 0.9084]"
57,"['ensg00000105835', 'ensg00000106397', 'ensg00000164292', 'ensg00000094975', 'ensg00000128595', 'ensg00000134250', 'ensg00000049323', 'ensg00000151414', 'ensg00000038382', 'ensg00000112186']","[0, 0, 0, 0, 0, 0, 0, 0, 0, 0, 0.1061, 0.1061, 0.1061, 0.1061, 0.1061, 0.1061, 0.1061, 0.1061]","[0, 0.02746, 0.06322, 0.2404, 0.2375, 0.2395, 0.2597, 0.2786, 0.3128, 0.3308, 0.3668, 0.3668, 0.3668, 0.3668, 0.3668, 0.3668, 0.3668, 0.3668]","[0, 0.1266, 0.151, 0.3226, 0.3158, 0.3115, 0.6151, 0.6424, 0.8363, 0.8377, 0.8196, 0.8196, 0.8196, 0.8196, 0.8196, 0.8196, 0.8196, 0.8196]"
58,"['ensg00000196352', 'ensg00000154553', 'ensg00000176087', 'ensg00000143149', 'ensg00000075426', 'ensg00000112186', 'ensg00000074800', 'ensg00000116133', 'ensg00000034510', 'ensg00000069275']","[0, 0, 0, 0, 0, 0, 0, 0, 0, 0.05931, 0.1306, 0.1306, 0.1306, 0.1306, 0.1306, 0.1306, 0.1306, 0.1306]","[0, 0.0221, 0.1212, 0.1785, 0.1895, 0.2896, 0.2947, 0.3006, 0.3192, 0.3364, 0.3643, 0.3643, 0.3643, 0.3643, 0.3643, 0.3643, 0.3643, 0.3643]","[0, 0.03591, 0.04278, 0.1297, 0.1598, 0.229, 0.2578, 0.2917, 0.3759, 0.9049, 0.9557, 0.9557, 0.9557, 0.9557, 0.9557, 0.9557, 0.9557, 0.9557]"
59,"['ensg00000144357', 'ensg00000055208', 'ensg00000188157', 'ensg00000094975', 'ensg00000234745', 'ensg00000049323', 'ensg00000152127', 'ensg00000204525', 'ensg00000106211', 'ensg00000063660']","[0, 0, 0, 0, 0, 0, 0, 0, 0, 0, 0, 0, 0, 0, 0, 0, 0, 0]","[0, 0.2265, 0.2369, 0.2386, 0.2375, 0.2414, 0.2476, 0.259, 0.2891, 0.329, 0.3591, 0.3591, 0.3591, 0.3591, 0.3591, 0.3591, 0.3591, 0.3591]","[0, 0.1862, 0.1973, 0.2091, 0.2103, 0.2134, 0.2253, 0.2521, 0.2849, 0.312, 0.4235, 0.4235, 0.4235, 0.4235, 0.4235, 0.4235, 0.4235, 0.4235]"
60,"['vardur (ms)', 'ensg00000196352', 'ensg00000145817', 'ensg00000146112', 'ensg00000106631', 'ensg00000151729', 'ensg00000113742', 'ensg00000069275', 'ensg00000143324', 'ensg00000169756']","[0, 0, 0, 0, 0, 0, 0, 0, 0, 0.008445, 0.08937, 0.08937, 0.08937, 0.08937, 0.08937, 0.08937, 0.08937, 0.08937]","[0, 0.2022, 0.2111, 0.2334, 0.2376, 0.2398, 0.2488, 0.261, 0.2772, 0.3147, 0.3459, 0.3459, 0.3459, 0.3459, 0.3459, 0.3459, 0.3459, 0.3459]","[0, 0.1728, 0.1872, 0.2245, 0.3356, 0.4142, 0.43, 0.4426, 0.5846, 0.7041, 0.7874, 0.7874, 0.7874, 0.7874, 0.7874, 0.7874, 0.7874, 0.7874]"
61,"['ensg00000137267', 'ensg00000159840', 'ensg00000061938', 'ensg00000122786', 'ensg00000123989', 'ensg00000135074', 'ensg00000173905', 'ensg00000138829', 'ensg00000213719', 'ensg00000188157']","[0, 0, 0, 0, 0, 0, 0, 0, 0, 0.07961, 0.1475, 0.1475, 0.1475, 0.1475, 0.1475, 0.1475, 0.1475, 0.1475]","[0, 0.2154, 0.2166, 0.2169, 0.2351, 0.2613, 0.2659, 0.2839, 0.3037, 0.3249, 0.3519, 0.3519, 0.3519, 0.3519, 0.3519, 0.3519, 0.3519, 0.3519]","[0, 0.1875, 0.4604, 0.5297, 0.5443, 0.5696, 0.6398, 0.6836, 0.6672, 0.7023, 0.9497, 0.9497, 0.9497, 0.9497, 0.9497, 0.9497, 0.9497, 0.9497]"
62,"['ensg00000137267', 'ensg00000058262', 'ensg00000075426', 'ensg00000134250', 'ensg00000106631', 'ensg00000213190', 'ensg00000116133', 'ensg00000198830', 'ensg00000155380', 'ensg00000135631']","[0, 0, 0, 0, 0, 0, 0, 0, 0, 0, 0.01563, 0.01563, 0.01563, 0.01563, 0.01563, 0.01563, 0.01563, 0.01563]","[0, 0.1421, 0.1623, 0.2428, 0.2403, 0.2568, 0.2607, 0.2765, 0.3, 0.3533, 0.3801, 0.3801, 0.3801, 0.3801, 0.3801, 0.3801, 0.3801, 0.3801]","[0, 0.1342, 0.1789, 0.1775, 0.1795, 0.2548, 0.2605, 0.278, 0.2956, 0.3177, 0.3743, 0.3743, 0.3743, 0.3743, 0.3743, 0.3743, 0.3743, 0.3743]"
63,"['ensg00000071127', 'ensg00000164292', 'ensg00000131236', 'ensg00000143799', 'ensg00000154553', 'ensg00000034510', 'ensg00000072682', 'ensg00000106366', 'ensg00000106211', 'ensg00000075426']","[0, 0, 0, 0, 0, 0, 0, 0, 0, 0, 0.05087, 0.05087, 0.05087, 0.05087, 0.05087, 0.05087, 0.05087, 0.05087]","[0, 0.04534, 0.08593, 0.1793, 0.2527, 0.263, 0.2667, 0.2752, 0.2945, 0.3157, 0.3437, 0.3437, 0.3437, 0.3437, 0.3437, 0.3437, 0.3437, 0.3437]","[0, 0.05691, 0.0614, 0.245, 0.3197, 0.3673, 0.3785, 0.4103, 0.4118, 0.4191, 0.6827, 0.6827, 0.6827, 0.6827, 0.6827, 0.6827, 0.6827, 0.6827]"
64,"['ensg00000143324', 'ensg00000143384', 'ensg00000142669', 'ensg00000152127', 'ensg00000115414', 'ensg00000197965', 'ensg00000196569', 'ensg00000128595', 'ensg00000143198', 'ensg00000112186']","[0, 0, 0, 0, 0, 0, 0, 0, 0, 0.06663, 0.1421, 0.1421, 0.1421, 0.1421, 0.1421, 0.1421, 0.1421, 0.1421]","[0, 0.04343, 0.1973, 0.195, 0.2098, 0.2464, 0.259, 0.2742, 0.2931, 0.3137, 0.3782, 0.3782, 0.3782, 0.3782, 0.3782, 0.3782, 0.3782, 0.3782]","[0, 0.01794, 0.07978, 0.0914, 0.2053, 0.2424, 0.2673, 0.3225, 0.5685, 0.6848, 0.68, 0.68, 0.68, 0.68, 0.68, 0.68, 0.68, 0.68]"
65,"['ensg00000034510', 'ensg00000204525', 'ensg00000138829', 'ensg00000162433', 'ensg00000116133', 'ensg00000122786', 'ensg00000003756', 'ensg00000146112', 'ensg00000164292', 'ensg00000213719']","[0, 0, 0, 0, 0, 0, 0, 0, 0, 0.01854, 0.1205, 0.1205, 0.1205, 0.1205, 0.1205, 0.1205, 0.1205, 0.1205]","[0, 0.02246, 0.1901, 0.2177, 0.2567, 0.2579, 0.2677, 0.2761, 0.3094, 0.3295, 0.3553, 0.3553, 0.3553, 0.3553, 0.3553, 0.3553, 0.3553, 0.3553]","[0, 0.379, 0.4004, 0.6623, 0.6447, 0.817, 0.8292, 0.8119, 0.8073, 0.787, 0.8057, 0.8057, 0.8057, 0.8057, 0.8057, 0.8057, 0.8057, 0.8057]"
66,"['ensg00000173905', 'ensg00000135074', 'ensg00000083444', 'ensg00000074800', 'ensg00000106631', 'ensg00000034510', 'ensg00000058668', 'ensg00000113504', 'ensg00000151729', 'ensg00000106211']","[0, 0, 0, 0, 0, 0, 0, 0, 0, 0.04799, 0.1202, 0.1202, 0.1202, 0.1202, 0.1202, 0.1202, 0.1202, 0.1202]","[0, 0.01218, 0.03201, 0.1846, 0.1864, 0.2134, 0.2289, 0.2422, 0.275, 0.3137, 0.3511, 0.3511, 0.3511, 0.3511, 0.3511, 0.3511, 0.3511, 0.3511]","[0, 0.003022, 0.02537, 0.08869, 0.09903, 0.1723, 0.1981, 0.2569, 0.3769, 0.5042, 0.7698, 0.7698, 0.7698, 0.7698, 0.7698, 0.7698, 0.7698, 0.7698]"
67,"['ensg00000115762', 'ensg00000063660', 'ensg00000170876', 'ensg00000142669', 'ensg00000131711', 'ensg00000122786', 'ensg00000130508', 'ensg00000154553', 'ensg00000162734', 'ensg00000145730']","[0, 0, 0, 0, 0, 0, 0, 0, 0, 0, 0.003148, 0.003148, 0.003148, 0.003148, 0.003148, 0.003148, 0.003148, 0.003148]","[0, 0.1904, 0.2211, 0.2232, 0.2226, 0.2279, 0.2614, 0.2703, 0.3495, 0.3873, 0.4143, 0.4143, 0.4143, 0.4143, 0.4143, 0.4143, 0.4143, 0.4143]","[0, 0.1613, 0.2164, 0.2147, 0.2502, 0.2691, 0.3306, 0.3619, 0.4009, 0.4249, 0.4553, 0.4553, 0.4553, 0.4553, 0.4553, 0.4553, 0.4553, 0.4553]"
68,"['ensg00000142669', 'ensg00000112186', 'ensg00000075426', 'ensg00000117394', 'ensg00000131236', 'ensg00000038382', 'ensg00000113648', 'ensg00000164305', 'ensg00000159840', 'ensg00000117450']","[0, 0, 0, 0, 0, 0, 0, 0, 0, 0.05595, 0.1376, 0.1376, 0.1376, 0.1376, 0.1376, 0.1376, 0.1376, 0.1376]","[0, 0.07265, 0.07557, 0.2229, 0.257, 0.2594, 0.2643, 0.2932, 0.3201, 0.3376, 0.3654, 0.3654, 0.3654, 0.3654, 0.3654, 0.3654, 0.3654, 0.3654]","[0, 0.07274, 0.1145, 0.1396, 0.2027, 0.2132, 0.244, 0.5682, 0.7802, 0.7687, 0.8123, 0.8123, 0.8123, 0.8123, 0.8123, 0.8123, 0.8123, 0.8123]"
69,"['ensg00000162734', 'ensg00000204525', 'ensg00000112186', 'ensg00000034510', 'ensg00000085998', 'ensg00000116133', 'ensg00000106366', 'ensg00000074800', 'ensg00000113648', 'ensg00000115758']","[0, 0, 0, 0, 0, 0, 0, 0, 0, 0, 0.03403, 0.03403, 0.03403, 0.03403, 0.03403, 0.03403, 0.03403, 0.03403]","[0, 0.1033, 0.1155, 0.1339, 0.197, 0.2552, 0.2602, 0.2716, 0.2926, 0.3157, 0.3438, 0.3438, 0.3438, 0.3438, 0.3438, 0.3438, 0.3438, 0.3438]","[0, 0.1989, 0.1971, 0.1936, 0.2459, 0.3085, 0.3338, 0.3547, 0.3867, 0.443, 0.4772, 0.4772, 0.4772, 0.4772, 0.4772, 0.4772, 0.4772, 0.4772]"
70,"['ensg00000116260', 'ensg00000117298', 'ensg00000143324', 'ensg00000106066', 'ensg00000135074', 'ensg00000143799', 'ensg00000131236', 'ensg00000132780', 'ensg00000115758', 'ensg00000113657']","[0, 0, 0, 0, 0, 0, 0, 0, 0, 0, 0.07326, 0.07326, 0.07326, 0.07326, 0.07326, 0.07326, 0.07326, 0.07326]","[0, 0.1904, 0.2073, 0.2033, 0.2216, 0.2256, 0.2325, 0.2496, 0.2816, 0.3095, 0.5378, 0.5378, 0.5378, 0.5378, 0.5378, 0.5378, 0.5378, 0.5378]","[0, 0.1613, 0.1605, 0.197, 0.2117, 0.2212, 0.2284, 0.2514, 0.2956, 0.3713, 0.4195, 0.4195, 0.4195, 0.4195, 0.4195, 0.4195, 0.4195, 0.4195]"
71,"['ensg00000113504', 'ensg00000106211', 'ensg00000058262', 'ensg00000115091', 'ensg00000105971', 'ensg00000117385', 'ensg00000162734', 'ensg00000075624', 'vardur (ms)', 'ensg00000162433']","[0, 0, 0, 0, 0, 0, 0, 0, 0, 0, 0.06638, 0.06638, 0.06638, 0.06638, 0.06638, 0.06638, 0.06638, 0.06638]","[0, 0.1277, 0.161, 0.2096, 0.2087, 0.2222, 0.2293, 0.244, 0.3184, 0.338, 0.3628, 0.3628, 0.3628, 0.3628, 0.3628, 0.3628, 0.3628, 0.3628]","[0, 0.004009, 0.1479, 0.1682, 0.1816, 0.6219, 0.6056, 0.7013, 0.7194, 0.7952, 0.8017, 0.8017, 0.8017, 0.8017, 0.8017, 0.8017, 0.8017, 0.8017]"
72,"['ensg00000112186', 'ensg00000113648', 'ensg00000163171', 'ensg00000071127', 'ensg00000130508', 'ensg00000143799', 'ensg00000145817', 'ensg00000113657', 'ensg00000135074', 'ensg00000164292']","[0, 0, 0, 0, 0, 0, 0, 0, 0, 0, 0.1094, 0.1094, 0.1094, 0.1094, 0.1094, 0.1094, 0.1094, 0.1094]","[0, 0.1536, 0.1641, 0.2273, 0.2555, 0.2562, 0.2613, 0.2743, 0.2894, 0.3182, 0.346, 0.346, 0.346, 0.346, 0.346, 0.346, 0.346, 0.346]","[0, 0.004169, 0.01754, 0.3948, 0.4249, 0.4448, 0.5826, 0.5821, 0.5704, 0.5704, 0.731, 0.731, 0.731, 0.731, 0.731, 0.731, 0.731, 0.731]"
73,"['ensg00000115414', 'ensg00000138829', 'ensg00000130508', 'ensg00000105835', 'ensg00000155366', 'ensg00000049323', 'ensg00000145730', 'ensg00000196352', 'ensg00000162909', 'ensg00000113742']","[0, 0, 0, 0, 0, 0, 0, 0, 0, 0, 0.03902, 0.03902, 0.03902, 0.03902, 0.03902, 0.03902, 0.03902, 0.03902]","[0, 0.1129, 0.1161, 0.2134, 0.2124, 0.2244, 0.2419, 0.2678, 0.2835, 0.311, 0.3428, 0.3428, 0.3428, 0.3428, 0.3428, 0.3428, 0.3428, 0.3428]","[0, 0.03065, 0.07085, 0.3215, 0.3142, 0.3661, 0.3739, 0.5678, 0.5572, 0.74, 0.9509, 0.9509, 0.9509, 0.9509, 0.9509, 0.9509, 0.9509, 0.9509]"
74,"['ensg00000061938', 'ensg00000213190', 'ensg00000151729', 'ensg00000058668', 'ensg00000164292', 'ensg00000106366', 'ensg00000049323', 'ensg00000106066', 'ensg00000131016', 'ensg00000131711']","[0, 0, 0, 0, 0, 0, 0, 0, 0, 0, 0.009163, 0.009163, 0.009163, 0.009163, 0.009163, 0.009163, 0.009163, 0.009163]","[0, 0.1896, 0.2109, 0.2318, 0.2296, 0.2349, 0.2435, 0.2619, 0.3269, 0.3494, 0.3886, 0.3886, 0.3886, 0.3886, 0.3886, 0.3886, 0.3886, 0.3886]","[0, 0.2182, 0.2295, 0.2282, 0.2678, 0.267, 0.3181, 0.3221, 0.3435, 0.373, 0.4157, 0.4157, 0.4157, 0.4157, 0.4157, 0.4157, 0.4157, 0.4157]"
75,"['ensg00000117385', 'ensg00000116133', 'ensg00000132780', 'ensg00000106631', 'ensg00000145817', 'ensg00000075624', 'ensg00000003756', 'ensg00000135631', 'ensg00000071127', 'ensg00000113742']","[0, 0, 0, 0, 0, 0, 0, 0, 0, 0, 0.03841, 0.03841, 0.03841, 0.03841, 0.03841, 0.03841, 0.03841, 0.03841]","[0, 0.007311, 0.09303, 0.2437, 0.2528, 0.253, 0.2695, 0.2848, 0.3019, 0.3226, 0.3712, 0.3712, 0.3712, 0.3712, 0.3712, 0.3712, 0.3712, 0.3712]","[0, 0.2107, 0.5608, 0.554, 0.5396, 0.5292, 0.6454, 0.8155, 0.8088, 0.8734, 0.8603, 0.8603, 0.8603, 0.8603, 0.8603, 0.8603, 0.8603, 0.8603]"
76,"['ensg00000115414', 'ensg00000196569', 'ensg00000138760', 'ensg00000176087', 'ensg00000072682', 'ensg00000069275', 'ensg00000115762', 'ensg00000155366', 'ensg00000116133', 'ensg00000170876']","[0, 0, 0, 0, 0, 0, 0, 0, 0, 0, 0.1512, 0.1512, 0.1512, 0.1512, 0.1512, 0.1512, 0.1512, 0.1512]","[0, 0.002175, 0.09504, 0.2026, 0.2041, 0.2472, 0.2532, 0.2848, 0.298, 0.3275, 0.357, 0.357, 0.357, 0.357, 0.357, 0.357, 0.357, 0.357]","[0, 0.196, 0.3517, 0.5557, 0.5826, 0.6574, 0.6391, 0.825, 0.8345, 0.8186, 0.9173, 0.9173, 0.9173, 0.9173, 0.9173, 0.9173, 0.9173, 0.9173]"
77,"['ensg00000113504', 'ensg00000131711', 'ensg00000234745', 'ensg00000135074', 'ensg00000117394', 'ensg00000117298', 'ensg00000114480', 'ensg00000196083', 'ensg00000115414', 'ensg00000213190']","[0, 0, 0, 0, 0, 0, 0, 0, 0, 0.01194, 0.1206, 0.1206, 0.1206, 0.1206, 0.1206, 0.1206, 0.1206, 0.1206]","[0, 0.1676, 0.1864, 0.1985, 0.2131, 0.2198, 0.2358, 0.2533, 0.2788, 0.3168, 0.3486, 0.3486, 0.3486, 0.3486, 0.3486, 0.3486, 0.3486, 0.3486]","[0, 0.1116, 0.2571, 0.2543, 0.2544, 0.2851, 0.3378, 0.3568, 0.3972, 0.4687, 0.9634, 0.9634, 0.9634, 0.9634, 0.9634, 0.9634, 0.9634, 0.9634]"
78,"['ensg00000115758', 'ensg00000143384', 'ensg00000034510', 'ensg00000112715', 'ensg00000130508', 'ensg00000047849', 'ensg00000038382', 'ensg00000151729', 'ensg00000135631', 'ensg00000116260']","[0, 0, 0, 0, 0, 0, 0, 0, 0, 0, 0.07564, 0.07564, 0.07564, 0.07564, 0.07564, 0.07564, 0.07564, 0.07564]","[0, 0.1948, 0.1894, 0.2117, 0.2213, 0.2436, 0.252, 0.2718, 0.2878, 0.34, 0.3748, 0.3748, 0.3748, 0.3748, 0.3748, 0.3748, 0.3748, 0.3748]","[0, 0.4165, 0.5418, 0.5269, 0.7681, 0.765, 0.745, 0.7258, 0.7093, 0.7878, 0.7771, 0.7771, 0.7771, 0.7771, 0.7771, 0.7771, 0.7771, 0.7771]"
79,"['ensg00000176087', 'ensg00000162909', 'ensg00000188157', 'ensg00000117394', 'ensg00000072682', 'ensg00000187678', 'ensg00000113742', 'ensg00000134250', 'ensg00000164305', 'ensg00000106366']","[0, 0, 0, 0, 0, 0, 0, 0, 0, 0.01904, 0.09662, 0.09662, 0.09662, 0.09662, 0.09662, 0.09662, 0.09662, 0.09662]","[0, 0.06201, 0.1378, 0.1442, 0.1896, 0.2638, 0.2676, 0.2763, 0.2904, 0.312, 0.3422, 0.3422, 0.3422, 0.3422, 0.3422, 0.3422, 0.3422, 0.3422]","[0, 0.01465, 0.02975, 0.04915, 0.1546, 0.3029, 0.4206, 0.4859, 0.4813, 0.5477, 0.557, 0.557, 0.557, 0.557, 0.557, 0.557, 0.557, 0.557]"
80,"['ensg00000213626', 'ensg00000159840', 'ensg00000143149', 'ensg00000143799', 'ensg00000003756', 'ensg00000034510', 'ensg00000164305', 'ensg00000143549', 'ensg00000177606', 'ensg00000170876']","[0, 0, 0, 0, 0, 0, 0, 0, 0, 0, 0.06654, 0.06654, 0.06654, 0.06654, 0.06654, 0.06654, 0.06654, 0.06654]","[0, 0.03447, 0.04575, 0.08855, 0.1969, 0.2425, 0.2983, 0.3039, 0.324, 0.3701, 0.3906, 0.3906, 0.3906, 0.3906, 0.3906, 0.3906, 0.3906, 0.3906]","[0, 0.104, 0.1611, 0.2718, 0.2676, 0.2738, 0.3246, 0.5342, 0.5322, 0.6543, 0.746, 0.746, 0.746, 0.746, 0.746, 0.746, 0.746, 0.746]"
81,"['ensg00000198830', 'ensg00000105835', 'ensg00000155380', 'ensg00000049323', 'ensg00000124831', 'ensg00000120708', 'ensg00000114850', 'ensg00000145817', 'ensg00000122786', 'ensg00000143549']","[0, 0, 0, 0, 0, 0, 0, 0, 0, 0.05885, 0.1377, 0.1377, 0.1377, 0.1377, 0.1377, 0.1377, 0.1377, 0.1377]","[0, 0.002153, 0.008505, 0.2484, 0.2477, 0.2582, 0.2621, 0.2867, 0.2999, 0.3216, 0.3488, 0.3488, 0.3488, 0.3488, 0.3488, 0.3488, 0.3488, 0.3488]","[0, 0.04662, 0.2778, 0.5374, 0.5259, 0.512, 0.5579, 0.7845, 0.7711, 0.8652, 0.88, 0.88, 0.88, 0.88, 0.88, 0.88, 0.88, 0.88]"
82,"['ensg00000114850', 'ensg00000105835', 'ensg00000123989', 'ensg00000128591', 'ensg00000159840', 'ensg00000083444', 'ensg00000113742', 'ensg00000112186', 'ensg00000132780', 'ensg00000074800']","[0, 0, 0, 0, 0, 0, 0, 0, 0, 0.07337, 0.1554, 0.1554, 0.1554, 0.1554, 0.1554, 0.1554, 0.1554, 0.1554]","[0, 0.1238, 0.2034, 0.2123, 0.2738, 0.2854, 0.2886, 0.2953, 0.308, 0.3276, 0.3539, 0.3539, 0.3539, 0.3539, 0.3539, 0.3539, 0.3539, 0.3539]","[0, 0.01516, 0.0678, 0.07743, 0.3905, 0.3846, 0.3805, 0.5034, 0.6987, 0.874, 0.8655, 0.8655, 0.8655, 0.8655, 0.8655, 0.8655, 0.8655, 0.8655]"
83,"['ensg00000143198', 'ensg00000058668', 'ensg00000145817', 'ensg00000143149', 'ensg00000169756', 'ensg00000047849', 'ensg00000112186', 'ensg00000055208', 'ensg00000170876', 'ensg00000116260']","[0, 0, 0, 0, 0, 0, 0, 0, 0, 0, 0.02655, 0.02655, 0.02655, 0.02655, 0.02655, 0.02655, 0.02655, 0.02655]","[0, 0.02238, 0.2062, 0.2066, 0.2059, 0.215, 0.235, 0.2563, 0.2751, 0.2988, 0.3292, 0.3292, 0.3292, 0.3292, 0.3292, 0.3292, 0.3292, 0.3292]","[0, 0.01696, 0.1683, 0.2518, 0.3046, 0.3047, 0.3061, 0.3194, 0.3351, 0.3504, 0.3967, 0.3967, 0.3967, 0.3967, 0.3967, 0.3967, 0.3967, 0.3967]"
84,"['ensg00000123989', 'ensg00000105971', 'ensg00000213626', 'ensg00000234745', 'ensg00000159840', 'ensg00000072682', 'ensg00000143324', 'ensg00000145730', 'ensg00000133657', 'ensg00000138760']","[0, 0, 0, 0, 0, 0, 0, 0, 0, 0.005666, 0.0854, 0.0854, 0.0854, 0.0854, 0.0854, 0.0854, 0.0854, 0.0854]","[0, 0.01218, 0.2079, 0.2139, 0.2185, 0.2309, 0.2402, 0.2684, 0.2925, 0.3131, 0.3612, 0.3612, 0.3612, 0.3612, 0.3612, 0.3612, 0.3612, 0.3612]","[0, 0.003022, 0.1734, 0.4331, 0.4235, 0.4131, 0.4142, 0.5774, 0.6242, 0.6289, 0.6286, 0.6286, 0.6286, 0.6286, 0.6286, 0.6286, 0.6286, 0.6286]"
85,"['ensg00000075624', 'ensg00000113504', 'ensg00000197965', 'ensg00000213190', 'ensg00000143384', 'ensg00000138760', 'ensg00000003756', 'ensg00000113657', 'ensg00000128591', 'ensg00000138829']","[0, 0, 0, 0, 0, 0, 0, 0, 0, 0.03841, 0.1147, 0.1147, 0.1147, 0.1147, 0.1147, 0.1147, 0.1147, 0.1147]","[0, 0.2003, 0.1992, 0.2044, 0.2367, 0.2517, 0.2562, 0.2657, 0.3034, 0.3229, 0.3624, 0.3624, 0.3624, 0.3624, 0.3624, 0.3624, 0.3624, 0.3624]","[0, 0.07836, 0.08072, 0.08455, 0.09452, 0.1069, 0.2359, 0.3892, 0.5556, 0.7764, 0.8612, 0.8612, 0.8612, 0.8612, 0.8612, 0.8612, 0.8612, 0.8612]"
86,"['ensg00000113742', 'ensg00000137267', 'ensg00000071127', 'ensg00000143198', 'ensg00000173905', 'ensg00000196352', 'ensg00000034510', 'ensg00000061938', 'ensg00000197965', 'ensg00000164442']","[0, 0, 0, 0, 0, 0, 0, 0, 0, 0.02446, 0.1166, 0.1166, 0.1166, 0.1166, 0.1166, 0.1166, 0.1166, 0.1166]","[0, 0.2061, 0.2198, 0.2212, 0.2235, 0.2258, 0.2474, 0.2655, 0.2955, 0.3272, 0.3614, 0.3614, 0.3614, 0.3614, 0.3614, 0.3614, 0.3614, 0.3614]","[0, 0.1684, 0.1811, 0.2594, 0.2702, 0.559, 0.587, 0.7503, 0.7479, 0.74, 0.8922, 0.8922, 0.8922, 0.8922, 0.8922, 0.8922, 0.8922, 0.8922]"
87,"['ensg00000055208', 'ensg00000074800', 'ensg00000112715', 'ensg00000135631', 'ensg00000162433', 'ensg00000061938', 'ensg00000196083', 'ensg00000117385', 'ensg00000114850', 'ensg00000115762']","[0, 0, 0, 0, 0, 0, 0, 0, 0, 0.06708, 0.1455, 0.1455, 0.1455, 0.1455, 0.1455, 0.1455, 0.1455, 0.1455]","[0, 0.1383, 0.1685, 0.1892, 0.2227, 0.2705, 0.2737, 0.2834, 0.2978, 0.3399, 0.3642, 0.3642, 0.3642, 0.3642, 0.3642, 0.3642, 0.3642, 0.3642]","[0, 0.007126, 0.2479, 0.5665, 0.6556, 0.7558, 0.7809, 0.8975, 0.8803, 0.8805, 0.8691, 0.8691, 0.8691, 0.8691, 0.8691, 0.8691, 0.8691, 0.8691]"
88,"['ensg00000085998', 'ensg00000155366', 'ensg00000155380', 'ensg00000196083', 'ensg00000092820', 'ensg00000094975', 'ensg00000047849', 'ensg00000143324', 'ensg00000176087', 'ensg00000130508']","[0, 0, 0, 0, 0, 0, 0, 0, 0, 0.01785, 0.1507, 0.1507, 0.1507, 0.1507, 0.1507, 0.1507, 0.1507, 0.1507]","[0, 0.1994, 0.2205, 0.2196, 0.2315, 0.2359, 0.2467, 0.2625, 0.2785, 0.3036, 0.3547, 0.3547, 0.3547, 0.3547, 0.3547, 0.3547, 0.3547, 0.3547]","[0, 0.2051, 0.2102, 0.407, 0.3975, 0.4703, 0.4606, 0.453, 0.7444, 0.8348, 0.8985, 0.8985, 0.8985, 0.8985, 0.8985, 0.8985, 0.8985, 0.8985]"
89,"['ensg00000131236', 'ensg00000083444', 'ensg00000137267', 'ensg00000115762', 'ensg00000106631', 'ensg00000069275', 'ensg00000197965', 'ensg00000187678', 'ensg00000143198', 'ensg00000164305']","[0, 0, 0, 0, 0, 0, 0, 0, 0, 0, 0.05954, 0.05954, 0.05954, 0.05954, 0.05954, 0.05954, 0.05954, 0.05954]","[0, 0.06259, 0.1669, 0.2187, 0.226, 0.243, 0.2537, 0.2859, 0.3004, 0.335, 0.3757, 0.3757, 0.3757, 0.3757, 0.3757, 0.3757, 0.3757, 0.3757]","[0, 0.02136, 0.1356, 0.2468, 0.2444, 0.2546, 0.3157, 0.3241, 0.3392, 0.6134, 0.7453, 0.7453, 0.7453, 0.7453, 0.7453, 0.7453, 0.7453, 0.7453]"
90,"['ensg00000112186', 'ensg00000083444', 'ensg00000155380', 'ensg00000122786', 'ensg00000138760', 'ensg00000038382', 'ensg00000151414', 'ensg00000137177', 'ensg00000105971', 'ensg00000134250']","[0, 0, 0, 0, 0, 0, 0, 0, 0, 0, 0.1294, 0.1294, 0.1294, 0.1294, 0.1294, 0.1294, 0.1294, 0.1294]","[0, 0.1383, 0.2123, 0.2086, 0.229, 0.2328, 0.2659, 0.2768, 0.2926, 0.3146, 0.3479, 0.3479, 0.3479, 0.3479, 0.3479, 0.3479, 0.3479, 0.3479]","[0, 0.007126, 0.172, 0.2097, 0.4537, 0.4452, 0.8479, 0.852, 0.8387, 0.8255, 0.8319, 0.8319, 0.8319, 0.8319, 0.8319, 0.8319, 0.8319, 0.8319]"
91,"['ensg00000204525', 'ensg00000196352', 'ensg00000176087', 'ensg00000112715', 'ensg00000162433', 'ensg00000105974', 'ensg00000063660', 'ensg00000092820', 'ensg00000115758', 'ensg00000058262']","[0, 0, 0, 0, 0, 0, 0, 0, 0, 0.01205, 0.09018, 0.09018, 0.09018, 0.09018, 0.09018, 0.09018, 0.09018, 0.09018]","[0, 0.1507, 0.2214, 0.2234, 0.2413, 0.2432, 0.2612, 0.275, 0.2927, 0.3314, 0.3597, 0.3597, 0.3597, 0.3597, 0.3597, 0.3597, 0.3597, 0.3597]","[0, 0.08043, 0.229, 0.5344, 0.5695, 0.7102, 0.7309, 0.7116, 0.6988, 0.7011, 0.735, 0.735, 0.735, 0.735, 0.735, 0.735, 0.735, 0.735]"
92,"['ensg00000049323', 'ensg00000143324', 'ensg00000114480', 'ensg00000106366', 'ensg00000213719', 'ensg00000120708', 'ensg00000122786', 'ensg00000058262', 'ensg00000105835', 'ensg00000074800']","[0, 0, 0, 0, 0, 0, 0, 0, 0, 0.07381, 0.142, 0.142, 0.142, 0.142, 0.142, 0.142, 0.142, 0.142]","[0, 0.07831, 0.1286, 0.1854, 0.2259, 0.2318, 0.2384, 0.2614, 0.307, 0.353, 0.3767, 0.3767, 0.3767, 0.3767, 0.3767, 0.3767, 0.3767, 0.3767]","[0, 0.02448, 0.1187, 0.2772, 0.5003, 0.6204, 0.6725, 0.6867, 0.7712, 0.808, 0.879, 0.879, 0.879, 0.879, 0.879, 0.879, 0.879, 0.879]"
