sample,Beat count per min,ACTA1,ACTA2,ACTB,ACTC1,ACTG1,AKR1B1,ALDOA,ANKRD1,APOE,ATP5F1B,ATP5ME,ATP5MF,ATP5MK,ATP6,ATP6V0C,ATP8,B2M,BGN,BSG,BTF3,CALR,CD59,CD63,CDKN1A,CFL1,CHCHD10,CLU,COL1A1,COL1A2,COL3A1,COL6A1,COL6A2,COX1,COX2,COX3,COX4I1,COX6B1,COX7B,COX7C,COX8A,CRYAB,CSRP3,CST3,CTSB,CXCL12,CYB5R1,CYTB,DCN,EEF1A1,EEF1G,EEF2,EIF1,EIF4G2,ENSG00000196656,ENSG00000203812,ENSG00000228430,ENSG00000234648,ENSG00000235174,ENSG00000240801,ENSG00000251668,ENSG00000267697,ENSG00000269292,ENSG00000276185,ENSG00000280800,ENSG00000283029,FABP3,FHL2,FLNC,FSTL1,FTH1,FTL,GABARAPL1,GADD45B,GAPDH,GDF15,GNAS,GPX1,GSTP1,H19,H2BC12,H3-3A,H3P6,HLA-B,HSP90AA1,HSP90AB1,HSPA1A,HSPA1B,HSPA5,HSPA8,HSPB1,HSPB7,IFITM3,IGF2,IGFBP7,KRT8,LGALS1,LRPAP1,MFGE8,MIF,MMP1,MTATP6P1,MYH6,MYL2,MYL3,MYL4,MYL6,MYL7,MYL9,ND1,ND2,ND3,ND4,ND4L,ND5,ND6,NDUFB5,NPM1,NPPA,NPPB,NREP,OAZ1,PABPC1,PCBP2,PKM,PLN,PPDPF,PPIA,PPIB,PRDX1,PRDX2,PSAP,PSMB4,PSMB7,PSMC1P5,PTMS,RACK1,RN7SL1,RN7SL2,RNA5-8SN2,RNASEK,RNR1,RNR2,RPL10,RPL10A,RPL11,RPL12,RPL13,RPL13A,RPL14,RPL15,RPL17,RPL18,RPL18A,RPL19,RPL21P16,RPL23,RPL23AP42,RPL24,RPL26,RPL27,RPL27A,RPL28,RPL29,RPL3,RPL30,RPL31,RPL32,RPL34,RPL35,RPL35A,RPL36A,RPL36AP37,RPL37A,RPL38,RPL39,RPL4,RPL41,RPL5,RPL6,RPL7,RPL7A,RPL8,RPL9P8,RPLP0,RPLP1,RPS10,RPS11,RPS12,RPS13,RPS14,RPS15,RPS15A,RPS16,RPS17,RPS18,RPS19,RPS2,RPS20,RPS21,RPS23,RPS24,RPS25,RPS27,RPS28,RPS28P7,RPS29,RPS3A,RPS5,RPS6,RPS8,RPS9,S100A11,S100A6,SELENOW,SERF2,SERPINE1,SKP1,SOD1,SPARC,SQSTM1,SSR4,TIMP1,TMSB10,TMSB4X,TNFRSF12A,TNNC1,TNNI1,TNNI3,TNNT2,TPI1,TPM1,TPT1,TRNA,TUBB4B,UBA52,UBB,UBC,UBL5,UCHL1,UQCRQ,USF2,VIM,YBX1
C2,21.6,192.457385,408.806564,2086.364694,4861.994733,1668.830766,471.728275,2501.5189629999995,1273.405261,842.826464,1271.262393,687.29514,899.226715,494.062454,14748.871729,366.295605,43724.670136,1835.881555,686.133746,732.934859,372.514812,487.630461,395.465173,711.685264,364.51491599999997,1029.054063,1185.767822,61.651964,3244.718059,1230.3747,1769.2587950000002,521.241582,717.453878,15816.151945,19301.873351,14213.106467,824.360352,650.580238,862.05576,1122.9089020000001,1346.059766,288.606718,2680.430907,697.480173,759.803408,1477.901962,33.114396,5281.881634,576.9702120000001,3963.425859,703.43406,2013.3585799999998,425.045894,938.715828,1026.668858,370.916634,0.0,0.0,0.0,0.0,0.0,0.0,401.717356,0.0,6486.491313,0.0,1599.158369,930.677805,171.260496,837.798365,5831.002802,2327.586897,91.094508,78.100323,6719.193393,13.643287,2046.77759,357.270004,280.827949,24912.352018999998,0.0,975.2886880000001,313.794042,107.458797,465.842136,343.838157,6.512755,51.756438,179.307097,510.008472,7451.071026,2233.4690140000002,497.891821,7665.476618000001,480.75521,519.649628,415.903186,277.501704,632.530028,1286.476299,96.058775,2556.695712,3532.308353,936.566901,3493.0418529999997,3606.3668119999998,2155.3574630000003,13288.983897999999,5252.136525,4631.886506,4377.524716,15205.150375,12853.843594,24118.484164,4820.836737,9717.030742,3038.87633,591.869717,8869.745927,918.629639,2171.1738299999997,1075.782794,272.59876299999996,7946.075124,1318.8294660000001,1233.34575,1691.925064,1415.06702,350.781969,677.105341,743.631754,1077.955293,201.6719,120.896296,0.0,2666.265519,1840.616356,391.714648,781.783381,0.0,427.098239,2406.913392,10341.659564,1871.551719,742.791982,974.829033,1084.062055,1313.050733,1406.565337,6798.770663,1407.611077,1183.706059,561.96749,826.080818,972.061021,0.0,974.587672,614.336184,893.323586,827.2460619999999,891.694383,1070.399097,964.855287,796.220332,811.693709,665.4341340000001,1229.014235,1202.213473,529.384655,846.573726,697.8099000000001,1037.128949,0.0,1892.241529,1210.669675,735.7708250000001,986.06859,2059.544685,703.615757,684.1378789999999,974.671709,1248.2895560000002,2529.230839,729.951078,1757.887628,2116.4882470000002,946.052924,940.4504,667.048683,597.910324,1193.758577,1039.064936,666.336243,733.8496849999999,970.368313,1405.984542,845.419774,2822.820444,547.221422,515.089636,751.16008,1259.299467,432.940252,1926.648177,692.736278,1682.214708,1031.594311,893.403017,447.862721,442.902425,899.672704,1323.351774,46.111811,221.767552,2989.911775,944.2457300000001,242.033947,789.637258,358.876256,4172.972679,196.455653,332.306231,4474.3368820000005,2203.020919,1024.299829,265.069745,3527.288484,5602.0762460000005,341.31440799999996,14320.014577,1284.153718,10298.432997,2816.052757,238.792301,349.8923,636.012468,1686.1790339999998,663.134725,552.493847,68.37481700000001,609.326485,1359.133326,853.976046,1099.683045
C3,19.2,149.595555,466.62759900000003,3704.159288,4985.708842,2301.310599,539.9923220000001,2413.804497,1033.479022,1624.496541,1630.5253320000002,485.255335,1194.368054,633.6786519999999,14416.826258,468.643425,14259.081121,3186.162146,901.3849710000001,763.7683350000001,506.517902,523.038972,392.40630999999996,911.5120420000001,305.156672,1213.952415,1668.975136,107.845939,5699.053604,1930.412071,2374.673889,828.034724,977.6381700000001,16560.997418,19659.531642,15538.157404,897.788002,622.314708,494.504936,1026.505142,1207.100945,68.066756,1993.671157,549.489328,577.063246,2032.0224170000001,51.165356,5586.37029,405.369768,3934.3464200000003,970.037473,870.3667829999999,776.500187,793.158046,563.348273,0.0,0.0,0.0,0.0,389.373343,0.0,0.0,503.952071,0.0,7600.247733,283.063526,1243.473358,945.53842,121.194139,650.5992809999999,6954.197424,4323.555134,247.464288,145.290334,6533.359196,20.585098,2285.91466,257.492228,427.956817,27511.562408,31.628416,830.482261,775.35146,135.700926,593.285712,409.174876,18.822654,58.11072,213.223783,731.0120979999999,7331.976173,2006.555441,1045.340497,6286.089861,626.353907,461.130306,568.65562,347.795337,727.744047,1168.93928,101.649057,2592.571242,2862.1816740000004,712.738386,3288.479581,3904.5026519999997,2893.9762140000003,13939.079578,5151.419481999999,4703.517875,5131.923392,15870.213245,12449.811224,20946.057474,4353.120331,11000.401139,246.99543,435.834602,9896.493506,621.269925,2388.721603,975.788762,847.120795,8953.836367,918.164958,1129.605738,2106.344448,1460.631478,409.007422,565.440038,954.7709000000001,1183.981575,218.61228,115.858765,0.0,2706.88864,1552.345012,0.0,501.381063,0.0,555.6381709999999,2564.468412,10798.894396,2572.271237,714.377621,1266.780595,1693.541503,2086.112701,1465.800665,669.0041200000001,1998.52702,1020.98635,775.3894809999999,932.406885,1095.714933,1049.941338,1208.2631370000001,986.037449,768.928428,1211.665271,1174.53751,1197.654301,767.555633,872.957009,994.391504,781.09445,1434.9971630000002,1112.2200010000001,823.423521,1239.726481,999.511451,1197.84428,0.0,2377.505548,1121.56297,977.063132,1622.122653,2714.3294180000003,682.355638,891.1246359999999,1007.6396579999999,1535.365967,2164.412686,692.9565,1552.3344550000002,1697.078149,1070.842959,1092.755537,680.313293,697.804826,1505.6255170000002,1353.607796,890.0835920000001,956.004993,1229.521936,1790.089471,1400.506416,3669.779531,918.679196,612.801075,1065.279906,1408.4943759999999,468.97861,2583.952134,1140.585529,390.585727,590.6369,1236.391569,509.489833,760.127177,962.7664259999999,1523.888392,321.312353,94.082872,2129.399877,1188.42094,277.825081,1076.06257,278.567037,4944.4119439999995,227.763243,153.318964,7977.724903,2956.734383,1179.124055,364.972888,3535.259842,4228.331516,172.723338,14010.351773,833.098328,10503.08444,3739.0382609999997,1208.514103,388.061255,1206.557978,2300.441092,627.2680399999999,490.205036,85.696125,481.312166,1064.0047020000002,1366.281333,904.410443
H2,12.0,44.696027,411.93296499999997,2154.8213259999998,10994.917367,2444.13364,325.053664,3093.0366249999997,1153.035014,607.289954,1323.937568,622.066278,833.485024,440.811201,18417.343451,439.6216,31356.55065,1804.598029,566.015232,597.648256,425.333223,751.578498,399.531268,818.0914270000001,254.542509,891.645448,1191.699148,10.985608,6216.350504,1258.545898,742.263839,362.428348,385.545801,17444.068905,22738.538134,19803.044896,998.435359,555.999371,574.673961,764.441425,1004.549266,52.564371,1735.135183,342.40678,472.283807,1453.083659,46.114314,6861.479602,158.97391,3986.5569299999997,676.05726,800.369897,990.754437,1282.225936,605.782446,0.0,0.0,0.0,0.0,0.0,0.0,0.0,0.0,0.0,10976.130561,633.327301,1325.360626,670.6789050000001,136.128297,609.691264,7237.723709,3659.936325,134.562426,213.228882,6866.876666,9.829906,1249.731099,129.589115,429.313431,24139.967735000002,77.681374,1174.816693,524.491512,87.700257,707.706979,368.121949,20.631788,23.672676,167.789158,998.498431,6024.651914,2330.122117,544.355873,5600.091696,410.57065,495.837147,503.787392,287.02392699999996,584.618865,990.328168,16.594496,3000.099934,2149.854946,459.932903,5895.224666,5158.249733,2092.790804,19433.124896,3388.999453,7892.025645,6585.512383,15248.360001,14226.062666,19558.631374,5127.223921,12826.81637,209.207758,577.49944,10056.354894,390.872588,2578.62395,901.65295,1401.953161,7019.530180999999,756.663572,1157.094908,1909.604416,1509.6818039999998,329.175874,643.467491,689.617023,1237.669288,303.2407,168.08434,0.0,2291.1158100000002,1653.479372,0.0,910.550515,61.676624,272.59606,3473.938494,9248.904292,1635.226236,808.4958640000001,1171.815384,1556.585459,1834.506443,2209.8247309999997,559.041543,1805.4430750000001,919.399077,712.777101,920.767275,1185.2836670000002,595.183041,1354.495582,992.377798,1194.553165,1104.152156,1129.384626,1051.695908,787.9459360000001,922.986041,780.640515,638.029307,1197.995594,1497.651238,720.970245,877.097943,870.813901,549.590404,234.218325,1513.796822,993.587449,701.031339,1614.283535,1957.340056,645.5890189999999,829.3915800000001,793.8230249999999,1402.68573,2759.191898,423.161552,1691.5515110000001,1100.395465,731.509469,1029.397019,767.038913,548.173755,1160.7078629999999,1104.726555,875.79896,1221.474193,880.024673,1641.747247,1018.0215469999999,2748.183625,563.1135059999999,543.565127,708.4234329999999,1228.661524,667.953958,1424.682168,841.06163,1077.878144,455.996891,888.847699,508.422768,742.698769,809.407013,1306.316338,95.567569,127.884828,1074.770909,940.154771,277.426969,1075.623871,252.371554,3744.089696,822.514938,175.60667,7343.6454810000005,2739.162604,939.017785,383.509516,4066.949984,5486.308847,221.778416,12763.572451999999,885.982445,10218.434776,3852.753638,46.578268,217.832834,905.7553829999999,2173.2364629999997,561.053729,438.226222,128.802027,379.302077,1023.05842,760.561535,961.940699
H3,3.5,29.320019,414.153983,1766.914599,12090.425163999998,2976.99519,741.5276759999999,2868.972229,1802.072425,909.328785,1022.450288,684.723457,1095.93178,367.59502,16779.000302,366.852207,27146.506329,2075.908858,550.39407,570.114092,332.240207,540.0194349999999,409.47398699999997,731.825017,232.834088,1045.439919,1178.840234,24.892551,4049.1772339999998,1283.478348,718.825448,466.376206,465.177648,18479.67338,20841.933292,17336.038104,605.527558,528.402317,706.738445,1504.945041,959.612945,134.807257,1488.500221,316.995876,530.654221,1264.2901219999999,60.760218,6547.73829,88.32066,3450.292206,947.635114,1387.345236,816.172488,672.242849,1019.025401,403.407649,0.0,0.0,0.0,0.0,0.0,0.0,320.653392,0.0,11664.970074,0.0,1533.91844,774.292824,156.00651,631.3350250000001,7553.813076,4844.700262,135.137388,258.780522,8271.062555999999,44.161401,1466.670527,135.63221,382.951613,15686.205088,0.0,993.987484,708.730772,91.660638,473.865585,452.66752,24.769627,31.564296,212.093609,922.343629,5222.586548,2307.735301,416.711443,4681.458291,531.192288,489.829292,538.784935,289.328031,579.444774,1105.8915430000002,35.909385,2896.074714,2265.757381,328.28396,5455.125182000001,3381.397284,2476.659867,16661.672472,2896.713551,6510.876427,6735.67028,21402.24816,13897.776188,33752.671735,5573.43791,13284.717378,261.22621100000003,1294.404597,9690.604041,347.822293,2524.01267,1227.8685810000002,215.76565699999998,6932.708214,1242.1370080000002,1492.782083,1787.982016,1985.9105440000003,447.900594,524.183529,831.444615,1443.312011,198.143606,218.53107899999998,0.0,2707.673547,1227.792219,616.587993,975.097275,0.0,254.774691,3496.584059,10704.746597,1932.9821530000002,892.078834,902.340058,1538.900304,2023.924477,1984.1569650000001,489.073788,1984.763246,1061.0056260000001,725.1072819999999,868.152632,1176.557056,649.250144,1382.4158029999999,819.956069,1037.887846,1368.4518030000002,1447.3461300000001,966.133013,1125.017671,687.320224,829.044395,699.8727269999999,1925.186665,1632.493292,842.374053,1260.129924,840.650974,644.46414,222.494697,1570.453819,1265.052412,851.178459,1429.4924800000001,2711.362804,805.532945,811.984478,1279.53109,1484.0672,2550.5367109999997,642.23502,1618.2382870000001,1740.9683260000002,1211.008125,1113.0641699999999,613.193413,572.003539,1311.065373,1327.821776,1014.669235,1494.431404,999.8480030000001,1617.2035609999998,859.105364,2591.153495,763.8766489999999,990.093052,832.7364329999999,1110.684046,444.040053,2255.5069399999998,1131.660088,572.061841,585.324306,1123.532214,741.439557,708.789661,856.638109,1073.132045,145.983782,241.52916599999998,2629.912592,813.80508,422.872888,951.611793,307.235953,3324.653421,1014.5895370000001,336.655344,9873.673683,2685.596786,802.857304,439.97002000000003,4086.301289,4038.266328,198.53046,12315.50675,1206.773866,9960.51592,4011.288794,42.705982,387.328275,792.84423,2085.363391,581.774277,475.595604,47.011306,626.121218,942.205467,1274.1879319999998,1143.231299
B2,0.0,507.239307,304.064573,1793.956478,1821.3985030000001,1385.222523,1098.814045,3281.920346,407.954757,538.539168,1069.937877,90.023264,1130.695756,878.0568169999999,8187.554135,748.434686,41516.383403,1446.081245,179.448979,342.784769,666.9838440000001,780.795283,591.919569,964.244252,777.4660680000001,1117.5949,376.15882799999997,1289.965089,477.41569300000003,271.63451399999997,555.053584,241.83502099999998,394.11659099999997,10738.767066,12649.423149,7282.617408,1029.5831030000002,727.093515,359.390278,1903.215551,702.426403,7137.037171000001,451.95271299999996,291.283377,2019.025104,426.214195,381.39925300000004,3444.526628,92.66739799999999,4769.186637999999,1700.6972939999998,1152.498424,863.70605,1536.9231180000002,1236.851911,146.910074,0.0,1200.241827,0.0,1049.517488,0.0,0.0,437.350372,0.0,6677.079372,0.0,230.844402,77.711227,344.941606,329.357655,10020.274328,7695.338699,937.395945,141.842931,7392.767292,7.0085,814.688636,99.483463,1333.252304,14573.340359,190.336538,159.44525,327.692935,154.613951,4069.7889270000005,1978.327072,888.051626,2836.527987,346.146779,10516.914776000001,5700.350727,697.4112210000001,306.480533,2560.44377,338.21955,748.353375,0.0,423.116303,450.44674599999996,774.899404,810.706759,1637.443671,69.26311,297.194773,375.51982,1835.224842,3651.2827119999997,5875.526301,3702.71567,4083.90013,4183.094059,17424.102636,8318.834156,15366.470075,3110.7129,8228.471079,103.556092,1430.470547,7011.976649,596.674297,85.402152,1130.09416,1100.589444,5950.4730660000005,525.093346,69.030068,591.871742,1192.9634729999998,354.810514,1282.267362,1198.732819,1544.5473240000001,913.7316850000001,675.264817,615.768192,1144.640865,1613.666256,978.714881,1435.360091,0.0,618.516609,3272.734788,8597.993322,2996.230872,662.1576719999999,1480.6740599999998,1126.65728,1641.4260880000002,1944.447106,4281.7691030000005,1720.299089,1577.984363,1671.871042,1459.808778,1299.760393,1068.044256,1312.084799,1336.032207,684.117046,1144.389066,1513.1184799999999,1560.248734,1286.061768,910.657047,1142.995996,1144.823332,2463.97798,1112.7492969999998,1343.436766,1007.03371,921.753145,993.180978,0.0,2810.367427,1763.531957,1601.665099,2042.249156,2856.177345,1264.542439,1165.679564,1462.646333,1081.659346,1757.78657,910.093314,1743.305898,2252.067139,770.504546,1481.441849,961.929962,1091.640786,1283.719923,1216.474279,903.0316260000001,928.151549,1077.349274,1246.949767,2998.499876,1325.489597,1658.616214,1540.571118,1422.0079799999999,1482.1540129999998,531.254017,3608.085331,1506.3494010000002,2605.714169,1179.931633,1087.049048,1039.754051,495.189408,764.663368,1596.689414,274.020491,0.0,822.707511,260.151792,26.093375,1564.4836460000001,1551.374918,1628.67882,3379.55098,243.852234,1197.319972,1524.673945,859.240904,467.619292,1442.206385,172.157988,31.695244,1689.7359940000001,1252.504259,2259.447521,4446.544639,48.677255,1260.671055,1172.543873,6738.2226439999995,9077.786768,804.34194,1002.885019,604.75128,514.182413,702.9395039999999,1168.706352
B3,0.0,248.774407,156.077682,1702.577659,974.698295,1760.535439,769.881168,3513.578191,384.372389,872.794219,1019.2673550000001,266.112066,808.41719,453.102733,8599.924745,1029.48226,14048.424181,1484.013107,400.411382,341.763233,692.875816,863.1244489999999,468.132252,1580.7762779999998,772.324123,1413.73552,324.125637,964.7764910000001,230.223364,384.103249,582.683924,336.916953,513.060821,13741.230399,14839.321915,10425.813447,742.700608,852.401895,395.857245,537.159731,773.257713,4188.8215,279.52657700000003,382.84221,1670.059013,276.42359700000003,456.598118,4697.745638,80.290953,5900.61168,1998.137397,1344.510312,1531.541349,624.559636,1137.918386,0.0,0.0,0.0,0.0,235.214047,0.0,306.918134,0.0,0.0,6494.24733,542.250324,219.96009,104.209413,421.806524,606.888871,11204.688795,8857.83088,639.408895,158.313116,8459.439147000001,5.604804,860.702191,86.358296,1180.405302,12434.689049999999,130.903418,450.612903,282.276482,172.830235,3108.5552319999997,2226.9942509999996,756.014455,2317.188128,525.916543,10673.855994,4022.586743,534.902776,275.813239,2309.817831,379.728448,511.29582,150.80068,317.306911,502.43399999999997,292.299205,1019.163637,1418.866242,45.541655,245.286157,263.590813,1684.04273,3143.386283,4103.078222,3042.673685,6597.422303,6661.68405,13382.556709,10641.754114,12860.24694,3928.414386,6937.759838,243.234022,918.6791539999999,7274.096531,484.067371,86.618577,1428.457143,2030.578086,5744.5311010000005,886.164689,50.475746,855.731225,1354.2925109999999,399.471716,1683.750664,1131.8502359999998,1292.536506,1184.5222760000001,1026.3134479999999,0.0,1090.308571,1379.3877029999999,0.0,487.720467,23.803989,802.0137139999999,5675.953187,13752.370267,3569.3869369999998,741.994185,1146.378782,1479.426721,1904.376927,2388.68126,983.852593,1782.251608,1442.370355,1205.292358,1835.29015,1672.126038,668.048599,1714.6073119999999,980.411227,861.4725020000001,1361.687329,1018.355983,1753.0560520000001,1631.707866,1057.32997,1585.928265,1106.5639549999999,2014.641601,1325.879077,1395.521992,1064.873775,788.532794,432.313991,0.0,2333.982265,1431.6281589999999,1284.037332,2113.303205,1732.557756,1009.8992840000001,1328.5178239999998,1620.121861,1550.183759,1571.57675,665.49865,1351.175445,2014.471285,1000.347288,1718.538858,1278.582684,938.941229,1279.76729,1401.101732,707.896957,1166.391306,1064.538906,1900.34489,2675.604816,1850.6130190000001,1657.1517509999999,1240.633057,1448.340746,1252.712232,842.094268,2869.481734,965.084063,1000.830519,1049.4749900000002,1322.583118,934.11121,714.0610650000001,981.572408,1385.879756,331.850526,0.0,463.499412,460.143831,32.698983,1936.529443,1466.676451,2083.275743,2336.657319,267.702236,1263.4737189999998,1519.60553,537.526625,693.6399849999999,1267.123376,262.084023,0.0,1295.311962,974.522158,1782.64673,6146.545331,158.348272,1074.464806,1363.4558909999998,5943.554556,7348.779633,553.5276700000001,945.467128,476.407013,680.718532,968.712228,1222.8497
G2,0.0,22.97443,17.131469000000003,4304.937648,376.38237699999996,3167.344475,251.831415,2464.445279,3569.391605,4.68225,776.7758530000001,100.663752,1083.8948179999998,658.791033,5138.67876,1068.2217580000001,12811.384398,683.072353,0.0,317.720655,908.009912,1409.137899,384.58378400000004,613.307837,913.902946,758.559126,372.633309,4210.746300000001,2.505708,0.0,0.0,52.972164,10.396319,4466.839928,9095.919039,4570.627401,520.78687,904.62766,219.962837,605.562133,356.430639,2539.8566969999997,949.852863,534.625289,898.978958,52.323477999999994,1282.943651,3772.833226,0.0,5700.220549,3043.137286,1375.2093639999998,3084.960419,1116.947559,1167.631294,478.373829,0.0,0.0,0.0,272.355625,0.0,0.0,0.0,0.0,9759.196442,0.0,31.497717,54.111966,1830.4848140000001,42.198245,10603.617845,9330.853577,1297.592361,486.77376200000003,9749.922437,15.417604,324.578413,65.518291,641.6043099999999,294.971075,687.450535,323.708015,552.085224,43.620185,2658.17662,3213.217364,1837.905264,4257.767033,776.920844,8026.896631,2074.243665,533.1431299999999,8.383061,742.704383,38.583076,80.3202,0.0,256.198981,354.627338,143.163903,195.993765,889.161416,2.685021,118.029839,7.120922,71.896383,2055.851193,104.236726,1199.93219,9251.987349,16507.464588,9121.791256,5166.48406,9150.249693,2054.867107,3171.275673,156.981094,2392.509699,270.238882,125.293395,12.470067,1894.666701,2282.427292,16948.142375,408.172429,145.384346,999.826611,773.8655229999999,583.613108,1669.324631,527.320946,1635.476476,1362.480154,1011.131819,376.52831,388.70554100000004,1761.275286,1104.968698,1394.681677,2529.363178,475.95477,9175.552226,13009.652225,5212.180745,851.927156,1331.9443860000001,1444.441951,1235.616958,2907.936783,1121.7304350000002,1696.381974,1386.538131,1234.021696,1990.978663,2082.568157,924.056872,1847.227622,1138.353057,750.016386,606.822986,1655.106286,1338.076817,1740.487904,749.984985,1432.627729,1732.9069390000002,2189.2669669999996,2201.2705450000003,1536.1563899999999,1077.890529,841.043533,172.465079,0.0,3181.406057,1921.53217,2129.9944579999997,3299.220241,480.39678899999996,1069.763952,670.535684,1983.5402980000001,1389.399118,1679.125661,454.315945,1574.411337,3947.8994249999996,1328.506461,1665.401741,2317.776366,1461.400118,1807.194751,1751.280232,773.172113,1355.015662,1207.567976,1670.9850529999999,4295.433180999999,1473.980239,2057.787362,1979.2929609999999,1953.037801,1710.677363,785.570057,4436.018762,1534.932485,1949.436328,1741.221271,827.364833,1727.366405,420.627436,800.479554,1852.302987,0.0,0.0,77.51864699999999,424.79661699999997,12.397597,2391.579739,1839.648444,15.558697,8192.789949,387.923093,124.186091,878.675676,551.06415,842.39211,119.330226,0.0,13.444565,281.257001,427.16398200000003,219.009499,6194.487658,51.560509,927.259724,1797.8505790000002,5911.2292130000005,16367.828142999999,1231.392922,2045.577975,299.037817,1383.5789650000002,803.801434,2052.194994
G3,0.0,27.60525,27.684413,5047.928745,344.539876,3474.517643,209.180117,2643.229605,4184.054321,24.035718,661.980956,218.990657,846.9289689999999,839.667791,4283.878229,1219.92707,6379.397696,798.471904,0.0,371.272455,1159.079462,1294.548526,383.18141099999997,831.333363,1027.397094,1025.0123310000001,354.038499,4203.357726,0.0,0.786939,1.149135,46.18933,19.549803,4199.560377,7714.00972,3685.227238,633.011709,902.0196520000001,202.147358,1225.553732,452.871273,2183.323165,1274.428263,639.640226,445.980754,23.201666,1429.033731,3794.76,0.0,5766.412419,3093.34074,1429.467867,3253.8324880000005,1047.447189,1228.610802,890.78245,0.0,0.0,0.0,0.0,0.0,0.0,0.0,0.0,14673.25585,0.0,34.860334,68.64596900000001,1854.813712,76.86493300000001,9968.31271,10550.914332,1240.756239,372.355522,10755.991652,0.0,379.2626,57.082668,323.78424,438.186895,654.416956,368.568272,213.496937,68.564741,2971.403067,3087.149315,1546.477693,3695.676542,849.455614,9623.787896,2498.001781,600.851795,46.065674,605.588017,34.952128,59.259598,39.074417,311.803726,415.190654,266.029323,189.296693,691.891255,4.628571,22.759826,0.0,88.233935,1866.8213190000001,75.265072,1165.776834,9895.43642,17669.424588,8881.93362,4192.616028,7414.932286,1820.000427,2212.134103,197.441948,1971.43613,427.447369,80.069621,13.345307,1761.4096020000002,2498.810191,16444.105558,238.492963,179.525667,772.837694,1010.396296,468.78313499999996,1554.9761959999998,416.244858,1419.163295,1688.038445,1108.289246,0.0,193.74015300000002,1542.366697,1351.617906,1345.871032,1605.231088,497.892909,12966.714899,16573.284663,5268.020656,783.209854,1037.222527,1325.404886,1346.613548,2732.51885,1303.236465,2166.270966,1490.5770430000002,1448.888843,1746.0192200000001,2062.445253,824.248608,1626.778444,1065.263687,814.029549,1044.198655,1715.4001469999998,1619.228492,1643.6188000000002,910.443737,1502.235758,2056.7968459999997,1913.0598149999998,1826.024492,1322.366226,1035.684916,1114.789614,348.662707,0.0,2764.921352,1536.972926,1907.683797,3768.232011,1038.774659,1172.037206,634.759517,1292.2827029999999,1291.808148,1301.705965,668.647961,1258.687045,4206.742926999999,1404.79857,1290.050317,2601.9739680000002,1402.409102,1983.3672359999998,1429.1814780000002,799.9114299999999,1467.585207,1109.1155250000002,1545.176871,4369.331207,1524.390373,2348.797104,1988.384227,2148.253983,1786.916461,1083.0424930000001,4042.909876,1236.575452,891.714305,1799.349545,1053.7047989999999,1585.071194,666.648285,1141.804083,1941.1243829999999,45.317571,0.0,89.771588,590.559915,18.903142,2603.10697,2226.0114630000003,127.15918400000001,7831.915871,250.35868,128.930771,848.890468,643.559526,889.307007,87.396187,14.60872,92.85108600000001,472.079277,429.121319,129.333958,6875.883942,0.0,942.054801,2071.523676,4596.683253,17592.664902,1367.568931,1560.835535,298.808303,858.895097,639.434503,2343.704512
A2,29.6,749.731638,438.63816,1466.786075,9193.158443,1157.119808,911.011436,3333.220954,1564.80407,1037.934607,2394.70887,697.9043240000001,1826.933374,1080.337243,12480.128987,347.696695,25427.679389,1591.2367649999999,727.181289,662.377413,308.285884,560.553706,286.90770699999996,1289.940614,339.644334,1200.281006,2446.288612,0.0,2794.86965,1102.957632,1879.7474929999998,553.269122,795.088267,15160.090998,16080.90765,13796.651112,938.201893,1383.1251370000002,1185.894561,2810.192555,1499.288519,1654.778606,3042.587621,517.406037,991.865203,2425.160656,129.409327,5030.330497,220.65524200000002,3002.644416,657.964118,833.409324,583.604211,579.238568,1101.116874,167.570982,0.0,0.0,0.0,581.296225,0.0,0.0,409.938412,0.0,6313.369541,0.0,3278.998603,1475.422287,171.461459,549.025273,3442.440028,1005.095199,136.67163,26.093404,6652.768524,9.36005,1622.62651,168.512042,370.762549,29016.685564,27.938676,610.457699,684.697119,276.593986,417.90288200000003,283.958744,65.093389,82.625381,173.002279,663.644607,2994.496057,2325.695725,1155.725839,6534.884466,524.755359,844.757287,706.462014,207.646953,654.0636930000001,1492.809281,69.366501,2789.40026,1908.204814,1645.896107,4718.735812,4951.092892,2969.625895,16038.144973,5894.676532,4870.791326,5209.006605,19962.683144,11894.824175,29388.076873,4073.288358,12127.528142,185.056355,490.970052,11653.88625,3149.776444,2139.229049,595.3678070000001,602.508103,4189.968207,1651.484452,1214.596952,1127.656008,1445.623619,387.853812,295.360055,1133.731404,882.486538,272.7958,171.016975,808.85322,1452.831524,953.51887,1843.57642,1814.960241,0.0,551.9894439999999,1950.74959,8913.996527,2363.022177,614.308826,740.707558,917.890603,1516.46837,1094.037837,411.77721,1352.826754,997.983879,675.864951,1014.624663,892.054891,359.323997,995.105236,854.985368,625.511026,931.1741519999999,902.370939,1104.234306,928.577258,829.891398,765.5339,1015.4205180000001,2063.2433760000004,882.51505,755.582087,1195.939727,736.235583,580.692644,562.280921,2235.1017070000003,1060.555731,762.099398,1209.8760539999998,2432.620116,655.951761,840.695455,700.632398,943.803278,2060.463427,266.792772,952.011332,1577.527806,703.145594,1195.355163,719.007281,561.651341,957.866808,1210.852837,345.93372500000004,1052.910615,932.209634,1151.566892,1460.310368,1793.297597,737.301245,693.611049,1113.001327,901.028181,459.282462,2589.207368,1621.5149660000002,1503.39736,1243.182527,538.0439700000001,511.636248,639.331842,687.689318,1131.341553,216.297419,320.888866,2977.565225,852.885745,123.282688,831.445465,382.448542,3284.743736,304.128014,353.03269,2936.830497,1823.065464,918.665716,459.668417,4843.05496,4170.977568,820.875892,9834.711424,1745.7616090000001,10047.554844999999,3289.5531119999996,138.975853,200.688268,742.8497580000001,1241.652956,525.000301,529.6641930000001,59.761564,725.067901,773.282158,914.013426,787.032438
A3,42.0,971.701063,543.962867,1266.692007,9461.399551,859.930564,798.136662,2820.548721,2104.759175,883.450601,1928.277857,1094.594816,1072.415989,973.029271,15787.621175,347.319681,16753.075291,2582.124617,489.958513,612.088397,329.604415,469.20211,431.738047,1306.695708,288.867604,973.061508,2313.581854,42.585352,3791.5541670000002,1130.781857,1544.249348,436.346991,598.006045,16005.463144,20796.767835,16901.319508,1084.775694,1077.8192860000001,1436.967364,2595.906316,1726.86331,895.9795780000001,3200.3458459999997,509.268534,801.455865,2579.635875,123.03507099999999,5421.918215,166.085428,3267.052415,832.0687730000001,697.18825,731.023501,427.133648,512.196037,114.861775,0.0,0.0,0.0,1925.288293,0.0,0.0,0.0,0.0,10656.195728,413.462037,2951.853832,1501.3480020000002,136.885109,555.173416,3106.031245,1029.8003,75.696325,49.48606,6499.252399999999,5.376275,1620.7441529999999,131.146067,506.798237,34397.525096,72.106905,608.1667,550.848043,264.640844,373.107987,301.413196,30.380269,58.001779,110.652444,220.072822,3145.78862,2186.462064,873.302647,6500.594447,547.0628,842.789028,555.216067,271.247362,561.594607,1578.35275,55.598852,2387.062881,1344.325194,1685.657875,5036.500413000001,4931.04634,3322.942124,16368.692534000002,6837.114086,4766.414883,5433.970475,22827.001488,13350.078549,15584.284133,4423.95332,12624.791832,286.242276,584.8697480000001,13044.806883,4917.232592,2328.790298,602.577259,399.353975,4227.812372,1002.256513,1478.686401,1382.544495,1571.031012,371.040296,291.621977,986.800815,836.133191,122.370869,205.158863,0.0,1476.257061,1038.1555279999998,0.0,496.070718,0.0,371.325675,1963.628828,9957.92654,1873.797204,684.583488,1065.849421,819.554058,1246.914388,1414.756828,588.17835,1524.647068,864.5920249999999,1040.137495,968.9124240000001,1075.2496620000002,1227.080043,1045.610404,853.925338,909.148979,883.586468,1127.456638,1041.377436,814.8854570000001,902.152922,735.689989,629.750592,1844.437772,1276.859436,492.085063,1246.621033,850.731735,152.905735,1149.756312,2417.990424,968.969738,846.430813,1086.04269,3773.8390839999997,502.181543,900.3187889999999,1067.21783,823.617068,2209.513332,547.2092660000001,1016.628939,1312.4060650000001,840.1617249999999,1461.220772,864.070103,545.39954,1089.33745,930.413831,853.5851279999999,1224.227185,1160.5112009999998,1587.12082,963.522731,2705.7685100000003,593.739971,868.3385059999999,988.493145,1113.444267,401.688568,2591.816812,661.358378,401.368217,1163.4529340000001,782.679455,486.202601,703.98041,781.879503,1192.7640339999998,252.5716,176.812094,2695.029079,1098.821125,225.39429,611.224297,307.75349700000004,3550.537657,273.349783,394.570471,3747.812128,2519.52686,1206.971065,442.330529,5833.089242999999,4269.524847,888.154418,9065.683048,1200.624235,10814.138812,3516.435267,55.062666,222.212943,644.120934,1277.198428,535.468314,336.837554,31.614886,572.254684,797.5459930000001,784.25727,645.790267
F2,28.8,1258.404079,406.594657,1070.5725850000001,9106.452774000001,439.67247199999997,865.068462,3464.805902,2030.72228,598.9533869999999,1676.7970950000001,524.792054,1074.4779469999999,453.943823,18142.892672,408.339513,43316.30303,1673.861386,379.343297,458.459753,336.022642,515.219664,162.113594,897.226453,327.594136,1027.8419119999999,2076.632905,59.365398,3022.839756,706.858735,978.844112,264.862726,398.513281,18297.098197,24236.964159,18191.250275,1100.9994890000003,1237.062593,1241.3504599999999,1518.7729840000002,1590.43021,945.2068830000001,3736.3365400000002,566.128887,850.914544,2060.036568,111.457679,6312.56087,21.222908,2841.398927,578.265238,948.8356650000001,618.2351450000001,834.162022,606.936572,117.530253,0.0,0.0,0.0,0.0,0.0,0.0,253.415121,0.0,11594.971721,0.0,3279.017332,1391.4061329999997,159.820346,432.925863,2781.597257,635.491872,248.62027799999998,53.374021,6073.555366,8.817487,1318.93436,172.022635,260.009259,30596.410007,0.0,615.112837,747.853887,339.512771,274.61183,216.729183,22.116002,61.234342,144.015598,403.968971,2962.76726,2506.019835,758.026255,9008.019367,619.202339,830.554802,404.835383,85.067441,615.94344,1817.789843,56.607715,3488.203981,1312.248096,2931.066846,4889.527359,6251.735847999999,2776.3814580000003,15713.93191,6345.030616999999,6426.313997,5943.301566,18146.471285,13534.66049,24370.902845,4656.518837,12621.770675,195.041672,474.028934,13903.367996,4716.838401,2520.170547,544.22615,317.070505,4238.937072,1404.997174,1662.680276,1188.581748,1752.3765740000001,309.894045,390.219924,1013.657413,861.7620400000001,202.82603899999998,272.047359,0.0,1483.160942,1249.125041,765.653137,1589.79401,0.0,308.986622,2517.549235,9307.735058,1680.080303,433.085861,621.585696,1042.199137,1563.497577,1291.953354,406.468925,1232.6400199999998,696.180256,697.131258,803.49142,843.833458,1059.32741,860.117221,612.737606,826.4365650000001,843.981616,1254.012747,733.984549,670.801362,770.01154,744.303167,859.78024,1576.797969,865.105242,838.494834,821.044544,698.54745,685.744582,0.0,1638.057015,696.271698,848.22915,1224.853414,2550.818075,587.739064,636.8145930000001,714.181357,952.086557,2118.567266,464.163805,699.250006,1360.877043,808.920939,947.223549,515.040574,548.713197,1043.161806,795.235074,506.603053,1046.072434,826.771195,1373.538804,711.721357,1949.6936920000003,646.044324,466.152862,934.46244,1058.080491,308.42465300000003,1337.895006,519.392088,1551.174634,952.615814,743.320154,433.200315,641.530274,750.436715,1054.4794700000002,106.398166,149.820482,2250.632917,979.7964830000001,187.31899,509.987473,238.832977,2562.469931,120.917044,273.191771,2459.177116,2099.933045,970.149619,554.262517,6022.48429,4996.747917000001,1167.297143,9826.964547,1707.624296,10805.470326,2766.511465,0.0,252.66107,584.1631259999999,1200.526299,475.62945399999995,255.802612,126.873885,661.097699,826.179245,624.1103370000001,600.656742
F3,33.2,1277.775981,432.392275,2572.935485,9780.113039,1015.613007,728.010529,3888.394577,1538.620976,454.304241,2200.357079,443.988003,929.810009,565.9662950000001,17057.118313,228.487404,15067.033385,2304.207946,369.565328,586.744213,334.091108,515.111025,293.41225,1278.294629,313.66015699999997,795.171951,1224.723401,9.250164,3874.375689,976.090251,1164.567395,277.756219,428.825109,16488.632133,23400.735321,16605.115727,1072.386943,1184.677678,1050.891502,1460.500556,1707.127611,1165.3197559999999,3726.115319,618.645341,1009.05912,1459.46968,142.14899400000002,5060.955817,59.927623,2974.3769780000002,761.4700760000001,473.166641,604.977041,1163.5564180000001,620.740012,134.495222,0.0,0.0,0.0,1322.296437,0.0,0.0,0.0,0.0,13153.874737,0.0,3501.363884,1285.784715,127.808469,432.104315,2983.997826,898.320643,91.573073,44.115569,6890.4548350000005,15.509421,2013.161582,264.520751,387.082525,38152.712289,46.970289,570.438824,739.291738,329.828876,312.112704,255.950982,27.137457,48.104015,127.411044,524.508508,2943.795037,2288.1520060000003,704.4474749999999,6463.412439000001,590.942403,830.9812609999999,414.059219,274.32865100000004,643.7807,1703.426879,19.741854,3023.421699,1183.254641,2857.592096,5730.2542619999995,5542.510295,3119.17594,16379.229216999998,4691.81722,5707.368347,5739.017706,16720.462196,11153.503268,24618.09113,4184.772678,15453.563891,246.20766000000003,486.21905300000003,14592.331003000001,6034.213144,2509.333438,705.776159,581.2338609999999,2496.13792,1547.639434,1502.538605,929.778626,1765.466863,361.494239,282.369256,1027.110629,1025.962958,224.912722,127.525896,0.0,1335.401337,1486.648349,1014.213589,715.733763,0.0,249.101926,2939.238378,9777.382374,1747.643064,663.540425,1035.786248,793.784545,1598.206862,1860.054776,409.749301,1522.066453,887.7967370000001,814.699608,1149.7689,793.862052,803.148245,1116.8534769999999,860.792561,936.9029160000001,1362.224723,1334.655235,1028.987583,897.621536,860.656796,921.1035750000001,812.58811,1061.211656,1182.897329,827.6764929999999,852.911189,690.330589,703.341275,0.0,1753.213332,688.989639,437.874331,1206.435994,2823.398846,604.468005,722.327232,1058.215649,879.943211,2180.984866,689.09288,1071.1473879999999,1409.986184,663.604904,932.168289,722.916263,418.395332,1194.711699,997.329508,785.115135,1292.7610789999999,913.467643,1164.116943,1070.041393,1730.6286200000002,580.7376519999999,581.4133,611.5021959999999,1088.299575,425.38849200000004,1654.283738,697.2944910000001,151.750542,804.188277,823.036394,502.434932,604.587844,753.652361,1003.502266,193.698449,129.697037,1868.830948,709.567076,250.0905,705.539672,209.363326,3372.260882,406.102272,295.183047,2374.938929,2519.053482,1097.06759,761.416629,5995.370269,5890.754781,1219.3985890000001,10962.454615999999,2310.4611379999997,11469.746653,2976.707792,62.94665,195.22691899999998,1005.4644870000001,1039.7206489999999,622.984994,425.278483,48.02032,565.157406,728.9337320000001,658.964836,562.862303
E2,33.6,291.881675,434.66126699999995,724.235705,2432.6132150000003,516.1089440000001,678.378763,2822.564124,132.615769,1341.261356,1397.620272,940.4692249999999,1143.30469,843.12299,12248.941878,664.192249,31862.973281,4054.5923059999996,757.162135,820.0919759999999,324.33382700000004,462.84764,611.540289,1140.318447,1600.177219,2104.321855,1333.571724,99.56579300000001,5413.544657,1694.05761,2886.3482639999997,847.949172,981.50384,16956.258178,17899.057548,12131.535699,1182.746577,1433.04157,1184.266289,1850.951695,1691.304064,569.337159,1324.8453450000002,1070.816755,2213.044789,2818.947272,10.424227,5097.18947,532.021968,3500.714849,1009.5518159999999,531.331746,568.134702,827.2976020000001,842.458379,584.327299,0.0,0.0,1238.296205,1651.206582,0.0,0.0,259.389176,0.0,9038.703297,0.0,718.847306,149.178768,27.713969,739.388942,4420.412042,2090.90181,106.59643299999999,307.694404,6010.921064,321.499461,2239.019125,1271.94173,733.096943,32338.410088,269.86409,1708.5054989999999,1862.435319,1694.8053610000002,275.02097799999996,358.296428,34.45601,139.865019,119.83785,1028.533725,1459.231759,310.476725,1124.715801,5491.414495,800.723967,1312.8779749999999,792.994005,552.176708,923.327231,1822.567904,118.813925,1832.749945,98.423958,1151.193733,4020.7464689999997,4196.129864,3645.035987,11653.503512000001,5607.111301,4334.02867,3889.539804,18092.481683,11177.329617,21292.177056,3831.092496,10429.324574,183.26843,1106.971936,10927.308258,1062.234326,991.521297,567.301056,281.217802,3889.5151180000003,1217.560556,237.832933,1870.93277,3018.58163,477.16263,912.483553,1263.990618,1396.9926580000001,346.500665,207.56159,0.0,1355.436746,1358.74991,1063.260795,827.623821,0.0,739.7809960000001,3956.716045,12832.161155,2392.357745,699.800612,1106.611842,1152.9265320000002,1052.338023,2401.639733,1377.238638,2009.199507,797.3160340000001,1106.924004,1147.8293859999999,1153.848756,587.410256,1223.765298,1509.918196,743.189814,1158.7910200000001,1415.094045,962.715492,1077.049978,840.6316380000001,677.739127,721.290359,2285.234464,1170.438532,1138.788189,1657.9394829999999,1084.138386,1362.875686,0.0,2896.2362590000002,1503.792638,1039.8104979999998,1375.902213,3612.3154289999998,604.788954,1198.590046,1207.348716,1120.875876,1438.016475,671.777191,1546.651562,2271.7032019999997,837.808712,1380.953131,1091.864468,731.022333,1163.321613,1739.878885,528.6570129999999,950.320818,1297.294015,1384.597792,3462.4509829999997,2608.6824070000002,1490.081948,651.509959,1155.692067,1859.306761,429.983579,3759.756014,1273.408621,1644.944784,2016.067854,1215.785885,526.258262,767.614687,1142.071748,1417.932434,738.019768,509.139168,2867.105771,1152.005342,117.729393,884.270579,402.802302,6148.116629,277.457334,311.234195,5716.5599489999995,3082.810841,1003.67106,212.970334,3467.671173,3693.369942,53.407612,5527.768048,1364.828695,4293.643067,3975.343604,101.09427,223.034097,1157.437178,1850.45333,279.961501,748.545023,37.459647,1376.612705,792.964203,1527.3466810000002,1179.347194
E3,39.2,374.61471200000005,453.769814,891.392159,3737.0679090000003,601.290333,749.153175,3226.953943,40.225878,1898.110748,1874.521389,588.225874,922.6841079999999,571.409129,13875.077233,483.44715,18586.648128,3758.475113,1386.5745490000002,1004.6017420000001,312.896318,516.139868,835.435924,1564.085451,1067.725357,1818.250006,1423.7442819999999,11.516151,6913.858928,2140.011696,3822.264621,1070.235261,1428.752512,20048.031379,23214.852685,14477.069541,951.691267,1489.024363,1263.293586,1611.358687,1406.417747,1025.521745,877.422548,1082.051011,2800.8749470000002,2652.846655,32.03727,5180.253815,562.8393110000001,3607.7597419999997,1437.847287,454.481351,499.651043,688.182114,977.136477,776.968093,0.0,0.0,0.0,2241.287705,0.0,0.0,0.0,0.0,7339.070609,0.0,887.4255039999999,83.316966,23.191541,961.935025,6028.093870000001,2385.182609,57.533806,231.89306200000001,5490.201571,227.080539,3288.177354,1122.082701,755.1074,32754.313048999997,679.112044,1329.674103,1541.462943,529.579051,374.525705,307.82292,98.238265,132.708525,124.114725,944.356215,1311.434879,314.102065,1391.062021,4983.267863,843.732093,929.7089030000001,627.494305,649.1300349999999,996.099743,1587.9542509999999,140.957356,2812.621144,108.493888,1352.391175,3349.1168709999997,4636.823356,3692.542883,12604.954145,4733.246868,4647.15729,4149.425372,12999.323109,10766.703413,17514.776461,4065.79364,11302.227515,189.95769600000003,1217.995397,13950.624304,1590.50759,1127.276349,782.655457,512.7234559999999,2539.252028,1948.899159,174.225627,1437.643594,3214.598973,562.435477,601.55504,1063.774954,1925.27794,365.50971699999997,131.618672,0.0,1035.972908,1058.109326,668.341545,261.671464,61.178816,741.608284,5567.009852,16434.064428,2366.235838,1044.393115,1043.893645,1399.800423,1244.634295,2670.026546,493.46056400000003,1640.7733249999999,995.763917,863.376328,1450.415514,1618.0141859999999,793.082135,970.524015,1543.73696,845.53214,1537.3133990000001,919.57329,1207.792813,1046.493831,954.738183,930.619432,894.143424,1129.7430049999998,1302.610315,747.880733,1192.163287,1011.002784,1153.703443,0.0,2227.894456,1200.529247,1044.134153,1107.9147150000001,3910.210634,536.828751,936.466148,1339.546771,1205.518184,2214.60309,515.193258,2266.590041,1555.715119,1024.1765460000001,1258.507646,1084.6281060000001,822.3236919999999,887.210152,1454.190441,593.03085,933.610348,921.326904,1244.901014,3205.791647,2882.665079,1176.894174,707.921756,1320.5154440000001,1900.0218229999998,439.560478,2471.499513,1826.2317719999999,676.344641,762.323086,1398.2528280000001,650.295708,776.1154799999999,964.183559,1596.0558660000002,616.259552,465.732933,2904.918088,1378.764817,62.914649,987.6374750000001,391.887562,7800.15927,424.537956,425.58137100000005,4900.293741,3208.416217,986.6257250000001,88.071383,3769.339628,4196.337829,69.79567399999999,6716.790307,1489.339058,4591.900755,4696.580261,0.0,144.491408,1131.6463800000001,2575.704243,246.91954800000002,906.079845,76.935276,679.582767,1103.858516,1199.25108,1265.616396
J2,0.0,20.655527,313.204321,3787.986977,543.830933,2804.147061,382.92195499999997,2034.47943,174.057496,1270.066155,1036.581689,432.42433200000005,1353.950502,435.60482,7276.712266,713.451057,14006.168843,3447.453765,1044.6070519999998,1105.712683,923.702091,742.133235,1585.191586,2088.363945,2831.69333,1709.596874,154.291016,129.712227,3086.7823070000004,1107.083608,2457.3890619999997,1205.992431,1265.6376520000001,7833.960129,9116.862817,5751.989175,541.470617,528.4834,381.673204,709.808025,1128.159193,145.521523,122.570806,2322.612165,4957.035891,1004.248838,128.678447,2309.705408,1960.8419290000002,4055.0374620000002,779.402978,676.391323,589.598295,725.431936,1024.614346,1325.707959,0.0,0.0,0.0,919.606573,0.0,0.0,1493.142184,1584.527555,10529.895959,0.0,79.735494,446.103267,74.542176,3780.4595090000003,5481.859464,4263.632528,88.336262,536.3244090000001,3828.410793,2936.572599,1448.3899470000001,2647.074367,2947.273407,8855.384124,642.328475,515.419143,690.802076,451.292554,455.779791,526.499877,46.240861,90.849229,122.548156,952.3304840000001,1537.165255,22.018255,637.520954,2121.977539,2046.897606,214.865525,1347.806321,1721.339821,1156.770612,1074.413379,335.332249,1488.570098,9.110205,136.955727,726.944019,908.5863509999999,2397.3170840000002,1969.258689,1746.446264,5615.164054,3920.73212,9621.27151,5032.998621,24364.538948,2128.980036,4872.527929,163.19291700000002,1691.9922450000001,7769.206286,895.771677,279.425571,688.558418,862.888999,5117.704408,1992.8902939999998,22.216045,845.975088,3720.430226,1074.724917,1032.5983820000001,413.719819,1806.8515240000002,413.981687,161.469779,0.0,1539.339514,1424.172536,2274.41709,759.99886,0.0,929.77052,8984.302562,13694.105718,3062.791877,520.3589039999999,996.2003540000001,2195.266321,1794.836918,3758.04161,540.926714,1257.3437330000002,1392.673766,1200.603052,1508.652309,1347.768382,0.0,2187.300287,1015.679314,1638.817901,1449.010381,1443.736394,1150.132931,1047.594513,1243.539167,672.122353,860.9913979999999,2500.007064,1298.977379,1128.185492,2900.366619,754.623391,445.44874200000004,815.447775,1457.3356600000002,927.324913,1283.517567,1049.813198,4423.47502,1145.700053,1784.246189,1258.936667,1128.866921,1763.699574,1525.238325,1762.10761,1748.4294269999998,1016.191573,1025.027145,1293.405701,606.857886,889.649228,2255.809754,796.898151,924.847476,1554.102146,1585.734781,5452.227733,2305.962567,1006.374529,1266.8352189999998,989.016024,2325.51608,388.18223900000004,3084.948407,2191.816078,826.356912,3133.697278,1221.482387,837.961687,1144.3362659999998,1107.5582960000002,1167.486789,1102.68096,2213.0041140000003,2632.04696,964.082496,1311.830997,600.457718,306.338002,7598.116638,3445.249319,1030.333047,10000.724613999999,3947.751975,1503.015554,544.845793,435.844683,693.760123,0.0,931.106497,835.733494,1028.825874,2031.623727,61.170078,215.247069,1895.05223,3077.0342229999997,974.617215,557.386137,411.06556,467.60409899999996,905.605635,2368.323015,1300.419092
J3,22.0,227.228469,323.617246,1348.288697,4780.175764,931.1615429999999,1645.6771669999998,2064.4816140000003,66.590349,1663.338848,1845.128992,449.74961599999995,1072.748439,439.023647,7214.711355,785.5358180000001,10894.504486,6707.226931,212.389195,1305.2727459999999,306.738577,394.63559599999996,1017.048813,2162.366645,1434.5579400000001,1887.649938,492.440922,251.457289,442.681761,322.745504,707.738455,472.854076,476.830495,10600.909269,9707.346523,6039.931945,800.194583,926.7770569999999,996.020416,1296.8487420000001,1163.375114,354.290725,340.60194800000005,1821.585028,3423.894988,2447.260215,59.229743,2931.967404,1650.022483,2787.104063,873.109232,452.052254,250.09621099999998,413.684934,706.128502,1369.960793,1835.896905,0.0,0.0,357.443181,0.0,0.0,0.0,295.672652,10408.153962,0.0,629.992706,140.405924,40.829394,1414.789925,3310.9865,1740.190608,98.03521599999999,2649.832608,4388.5551909999995,559.281606,3896.0439049999995,1946.693086,935.891522,30157.022313,1026.718549,1622.572927,1498.878133,696.200401,517.7252129999999,261.251411,46.867652,118.296993,103.911238,767.634091,2642.958131,159.570992,1694.8356720000002,6752.127772,1714.349839,505.675122,660.944783,1598.808888,1332.467008,2321.353683,228.965404,1402.405694,61.473399,1240.055872,4253.856572,4454.14694,4689.009064,17216.893023,6020.09105,4901.655185,3720.365463,6179.94756,4793.736868,5990.522699,1929.770095,5962.456072,116.416168,635.0233450000001,33573.863142,3914.407187,1585.1654879999999,660.647835,310.103706,1718.275612,2135.548036,54.301101,1342.650935,3781.5604700000004,503.513773,1112.38454,1484.435613,1839.316207,404.137626,144.067913,0.0,810.693523,432.208977,337.920418,423.491137,0.0,1289.388408,35238.619554,50110.409588,1115.459474,543.609144,607.151196,1343.537028,975.1301940000001,2891.542954,398.90576200000004,1387.5010929999999,650.201305,744.479666,1282.648651,969.938524,238.7462,466.18780100000004,980.290895,907.6915650000001,1090.040581,1505.649949,570.810105,802.6975610000001,781.4440069999999,603.897421,760.276327,1124.457093,990.687426,380.006108,1572.8462650000001,465.29438700000003,372.598541,160.946758,1433.163426,659.484371,585.46639,804.999066,4326.8615580000005,467.060695,797.147021,1046.9996330000001,619.4182950000001,2349.7163769999997,556.289454,1141.594113,1792.5882139999999,924.800173,1321.4282309999999,993.801764,473.475117,660.978468,1507.413568,312.640252,724.7274709999999,1147.561078,1203.9852759999999,3098.390122,2511.781078,920.938479,531.132572,685.310643,1710.93424,368.317822,1856.632134,905.393143,1007.434313,717.017243,1103.472661,519.618985,603.0337040000001,758.588492,1605.393169,691.119517,558.637505,2430.1430769999997,2523.801423,431.217731,1280.828106,421.409596,3130.198244,877.591668,799.389832,3497.4860690000005,3276.85746,743.3205780000001,234.356637,2889.146781,4905.465487,79.848156,5142.035342,706.8201409999999,4201.528031,2973.498136,0.0,157.848023,1034.4894949999998,3055.51798,250.951334,1609.828897,111.670586,679.996723,933.29421,929.890788,1117.323677
D2,32.0,152.941764,520.585327,1487.230622,5941.981014999999,592.804401,1463.833779,2430.2386070000002,315.039194,1060.9285929999999,1738.6221070000001,864.6445920000001,1570.224661,687.062963,14112.241965,341.436216,22716.090796,2308.6367689999997,535.078477,564.269852,415.317914,853.0123950000001,247.13885199999999,915.967613,384.38808499999993,1068.492319,2069.869132,122.094038,4237.417548,1125.249562,2197.264759,516.809409,632.6579879999999,16108.952271,18301.021233,13216.330683,1247.458666,1259.255297,1081.804967,1647.3263239999999,1293.817113,493.261446,1038.446756,506.82709,1032.984909,2017.6190579999998,74.19803,5137.398072,156.37703699999997,4136.270665,1320.317179,535.467004,599.098412,874.254655,667.980838,0.0,0.0,0.0,0.0,0.0,0.0,0.0,360.146456,0.0,8747.704049,0.0,2495.947069,1205.24804,89.583561,390.70291199999997,3983.691634,1238.626112,258.70836499999996,54.405337,4614.884983,14.767317,2033.011316,186.855954,393.445174,34271.295252,30.218148,712.629559,1069.670078,242.859634,613.421068,332.381212,36.643139,7.438027,182.285268,672.549757,1821.095097,1474.416108,725.478537,6786.072061,666.636137,462.927309,326.56998,319.031864,617.300203,1196.709997,50.49087,2801.182993,1849.740164,900.563575,5801.888293999999,5708.918719,3457.249404,18966.156259,5183.151306,4898.104293,5339.12716,13070.892007,11800.130074,16180.336162,4174.409399,10344.089823,343.342437,486.357197,11708.04191,198.646771,2450.436644,755.1317730000001,512.7676220000001,4581.499536,1096.813161,940.803729,1117.069551,1695.498713,459.616128,550.873756,1064.844986,1008.5427,269.015038,171.176601,0.0,1642.347912,1282.07334,793.170387,774.623694,0.0,492.455976,2796.065835,8742.870373,2519.888824,901.334782,799.092209,1206.379475,1711.549411,1673.6288679999998,445.240056,1658.48106,769.011345,913.6231459999999,864.836558,1091.0002439999998,0.0,1467.159577,857.373406,977.321009,1234.0050820000001,876.542088,963.001314,937.135012,1056.342529,963.0858760000001,1010.328046,1146.781095,1148.4572210000001,890.841789,1140.534322,979.1061609999999,846.4186159999999,0.0,1598.518165,972.904899,854.630505,1958.6641639999998,3342.1068640000003,767.086441,980.281013,1220.0848409999999,1012.991072,2188.064201,710.85633,904.952635,1770.490685,985.81962,1521.580164,531.323771,536.003336,1197.29548,1005.240741,791.775831,1295.722561,1088.84132,1660.43388,1131.4748789999999,2321.680117,844.913517,767.453394,1190.704843,1509.903612,482.8019,1669.664895,537.978561,930.45189,996.737649,1432.808034,593.093008,829.08611,969.935259,1320.866769,329.801848,147.0125,1166.1565930000002,971.061699,44.10952,882.3227969999999,356.12566,4374.740474,194.561334,187.4947,2701.991586,2067.089282,957.144591,57.485165,3971.220647,5725.854533000001,396.060836,10234.218123,856.386236,9386.078915,2977.029359,91.561421,194.556407,658.289076,1884.372788,423.95763000000005,477.678399,59.878162,564.290107,738.046304,724.568261,661.012108
D3,28.4,103.964975,589.768036,1462.617296,4999.000707,848.197343,963.916463,2164.853632,228.91076,929.10839,1480.196333,1243.27485,1641.5474179999999,682.079018,11797.249447,604.814586,24807.385608,2500.6153120000004,709.459657,609.639504,260.933518,596.488143,272.23920400000003,996.518737,417.219869,705.577974,2541.205186,154.16022800000002,3348.267737,1078.854142,1695.989591,618.9446310000001,613.7532510000001,15751.823141,16086.837718,14161.95525,876.523988,994.779213,1083.051089,2308.587954,1250.019208,296.456193,717.3897880000001,778.828233,440.775251,4144.691555,28.67713,5213.743996,940.736957,3899.5863000000004,858.9183,3427.9704340000003,734.077088,1783.2958889999998,1552.299505,0.0,0.0,0.0,0.0,1506.069334,1281.531093,0.0,0.0,0.0,5209.652372,0.0,1810.7442270000001,872.223091,63.317741000000005,517.762178,4620.893493,1461.296494,230.768973,53.27033,3942.82699,19.032445,1561.943358,173.53831,298.572222,29442.134683,102.849128,522.393244,580.72368,700.981693,518.404237,360.071894,15.018829,29.689007,129.936843,825.29027,1657.257958,1143.526052,717.658569,6746.133322,614.516729,294.590733,332.522663,329.41914399999996,410.929341,887.053041,64.234995,1991.680165,1787.9440490000002,830.374758,3841.523939,4278.5568650000005,2471.983239,15729.31608,6181.547818,4067.97793,5375.700384,24372.154116,12729.884033,49772.18313,4665.028166,8184.752197,165.49894700000002,825.3766770000001,11343.261249,99.703912,1353.817938,374.57036400000004,720.543808,4440.905936,998.838152,948.289195,2353.8690479999996,1385.517436,512.063166,451.569249,926.644934,774.5271829999999,290.74605399999996,243.745203,1204.904306,2500.521363,1529.9851159999998,622.840235,1331.891229,0.0,442.658968,2631.477636,9321.83024,2408.943264,541.865532,898.4330190000001,1052.927656,1608.978415,1494.38929,531.943913,1577.9959629999998,729.5764049999999,974.319835,424.315169,1391.172632,941.594359,1667.045462,723.644096,538.577638,1004.850379,1107.655025,972.1139190000001,911.721948,705.712876,648.377283,1051.268895,1549.9584730000001,1127.5800140000001,683.889355,1548.5495310000001,1338.924237,649.70592,584.649818,2128.826565,1457.1242889999999,1394.971301,1620.852256,3915.27092,1047.8568970000001,2234.995934,1855.073292,781.48485,1393.164957,516.81702,966.1237610000001,1331.011671,750.176802,950.217982,665.895449,546.570076,1094.58497,950.773128,495.338871,1259.211747,1198.0424150000001,1106.972392,1161.2726969999999,1472.3178229999999,396.457706,715.764384,1088.775787,1210.34455,379.698845,2148.381851,1139.246362,551.693067,1993.957444,684.117197,474.151173,776.0286530000001,810.050672,1001.1438780000001,229.733885,159.745466,2006.555582,1016.8944799999999,62.475665,856.577222,317.661333,4167.226389,781.6203830000001,215.876088,3918.1454799999997,1334.83002,1057.384964,124.566936,3403.039713,4159.56551,226.539594,9860.050525999999,919.9732389999999,7901.290779,2649.395548,0.0,175.181643,465.92708500000003,1285.902395,526.857226,451.938683,73.869214,609.51496,635.89204,731.570468,724.380906
I2,26.0,183.283177,896.455867,1071.092972,7198.903104,1113.627174,752.984114,1948.40288,314.123223,1073.218171,1331.368139,562.567906,1612.286974,297.032486,17562.522604,280.021478,48795.423834,1990.064146,502.535234,578.643187,374.08803600000005,447.831299,221.645682,440.185441,351.349279,742.751603,1719.397727,194.13157999999999,1581.125219,808.956698,1710.7740560000002,442.823758,561.38029,21725.723907,21253.382101,18157.491851,876.03934,806.3776770000001,1453.5307659999999,1330.47296,1130.933788,769.376904,887.6695350000001,488.468703,266.468112,1992.942368,52.337815,6204.258873,75.794181,3248.9865210000003,742.04318,585.048365,549.000558,530.599925,1180.39195,109.557595,0.0,2469.216433,0.0,338.074547,0.0,0.0,251.900427,0.0,10978.979892,0.0,2448.507007,1158.1474030000002,110.915608,472.405567,3978.934631,1289.269729,96.243836,21.140613,4400.082184,4.561331,1295.195637,139.20468,319.134679,25935.574908,26.615405,764.619139,519.659568,222.35898,440.637554,316.376341,8.268005,39.561176,135.859364,352.340781,1663.309378,1642.232068,842.463085,6615.918673,530.727527,349.868107,457.959682,277.041719,331.881606,876.304683,73.90739,2898.032252,2112.004514,750.0108439999999,5629.400092,5504.420056,2852.513106,18053.772308,5385.220028000001,6514.084961,6621.564048,20857.099469,13711.104192,35123.984426,4723.158947,11692.435618,653.2168750000001,951.6606499999999,9266.246256,604.803854,2346.0878310000003,511.273199,544.691437,5006.223112,982.655112,1192.005066,1163.3520019999999,1340.8348449999999,335.001622,381.725999,917.239717,767.424615,217.042918,155.598637,0.0,1263.127431,1020.691267,2552.855156,2509.886176,21.981623,236.08588500000002,3301.02899,10681.465516,1703.6587829999999,915.990792,880.837151,965.228016,1622.676958,1667.4673559999999,1608.721485,1422.652752,769.7173230000001,777.2097530000001,817.41037,845.365991,1015.146514,899.241194,786.646889,1017.8167540000001,933.368876,1073.549636,909.28035,795.6829459999999,908.255469,844.2010600000001,804.1415039999999,1450.4478330000002,699.9531959999999,734.881727,979.951225,693.604335,920.735052,0.0,2032.446784,762.355111,680.776935,1121.421444,2781.42111,703.217639,924.868707,1092.0394099999999,820.074457,1896.844858,409.270748,1165.365239,1132.599507,491.497868,1058.084292,803.78847,768.927192,1137.2213439999998,1238.679574,572.9993450000001,1076.205117,921.2476839999999,1372.641336,1395.2621950000002,1916.161818,586.115914,660.864157,884.2535369999999,1106.237333,485.240054,1812.11063,1211.488817,2455.927191,1983.81483,797.999245,560.18218,628.233822,729.3370510000001,932.188808,115.139838,327.91666999999995,3471.9911409999995,903.941008,39.597297,690.346679,212.574138,2593.230874,487.6566,255.647097,1286.643808,1652.95021,792.396193,223.063484,4277.780124,4374.000455,446.52594200000004,10981.595761999999,981.914703,9185.832925,2551.43233,48.74186,179.701551,575.941602,1406.262765,662.390379,268.167191,19.667109,803.997283,1164.225635,520.536349,781.263056
I3,25.2,168.488805,1124.92845,1362.103144,8245.515996,995.055603,1077.427493,1801.339942,438.871127,1416.083747,1375.860076,635.132358,1667.294938,603.673714,16084.295847,391.488386,31180.063293,1830.633433,619.0754069999999,451.575293,447.748722,521.095876,307.455556,828.4037519999999,246.10135,861.3412569999999,1897.422454,94.792338,2033.163854,921.126777,1860.240457,595.466626,666.980105,22166.64408,18776.506698,16021.773057,875.2931239999999,737.470941,1059.588926,1952.9162919999999,1400.418742,504.315701,1066.563354,570.189323,259.839182,1720.2416089999997,65.294966,6014.929059,162.765372,4139.710069,929.417827,766.577391,533.720089,499.642609,698.02582,109.234588,0.0,0.0,0.0,0.0,0.0,0.0,0.0,0.0,12673.655859,0.0,2397.322428,1355.035526,94.844139,585.79637,5220.666306,1781.598589,94.310644,34.794295,4846.403794,16.646904,1525.3401620000002,310.73348,377.185734,22104.231491000002,0.0,741.024876,242.607006,234.04562,260.882862,316.515589,15.987579,29.640458,168.422274,533.657031,1931.835909,1897.170947,967.922221,7287.491915,668.618354,444.20824899999997,332.234831,278.667972,379.759211,832.671983,111.367406,2816.112473,1979.350936,944.774094,6615.114477,5295.356478,2753.8092640000004,18928.453083,6872.412406,6369.097686,6590.097534,21573.065258,13824.639399,23933.25056,4810.030645,10989.78407,476.83536399999997,918.9417,12615.634482,661.417453,2708.448947,600.811921,674.232193,4712.608672,893.322934,1240.147868,1473.538589,1599.701186,341.400442,546.469973,1063.17562,923.284956,302.111194,213.265117,0.0,1494.076233,1207.378039,1282.800863,1075.026813,0.0,262.34658,3525.373464,11197.140749,2071.545559,834.06297,1014.4875830000001,1213.707204,2106.382009,1719.303521,407.830874,1570.458018,822.7509130000001,1024.064162,759.033543,1075.814284,657.849114,1084.7527300000002,435.882294,540.842326,922.120348,1202.095408,998.628232,672.409434,860.292622,1125.591531,615.818245,1907.383789,1020.27225,957.484165,1359.773387,852.469184,306.224351,617.165966,2298.58306,695.862311,1054.948322,1411.160268,2711.07582,868.9302849999999,935.9808380000001,1237.0696870000002,1088.9464090000001,1328.014733,513.932432,1127.850301,1215.974847,627.284726,1236.45758,736.095989,769.425968,1446.0092599999998,1030.442383,858.7330410000001,1141.799285,1099.934806,1688.012866,1352.035542,1665.369469,746.637117,745.657969,1073.93751,1260.734997,552.352614,2651.4174009999997,852.996877,521.038994,878.6126969999999,1254.639663,490.039346,796.344365,1024.597506,1168.129191,262.773975,132.450933,1828.294491,884.597387,66.655997,1007.8434399999999,318.633769,3929.940633,162.368226,200.273405,1265.5212330000002,1664.977685,896.855742,162.357561,4688.822085,4661.054146,500.838214,9532.602434,948.0706969999999,11004.742647000001,3214.0625370000002,0.0,246.639796,423.454581,1321.963314,787.416065,576.617205,27.611935,483.84305900000004,744.906983,647.983704,904.970023
K2,23.6,1235.974172,378.192077,1118.019051,9283.106212,615.287536,1136.287287,2932.245483,1914.578649,635.5259590000001,2057.9144770000003,841.7611380000001,1252.628015,654.556346,18288.810288,361.037382,34629.393325,2019.857937,313.961021,661.067845,378.268002,481.503891,286.350513,1116.321416,279.374779,800.005498,1788.162718,19.696903,2034.950761,755.740276,1031.696432,283.469972,382.435353,19223.960374,22786.579432,16974.505494,950.695689,1073.086703,1034.3899900000001,2084.707655,1603.963131,1247.365596,3662.1516610000003,377.197284,743.747496,2376.2308310000003,181.065178,6165.58086,108.014303,2443.000959,740.713955,476.355756,616.988184,545.9572860000001,401.089098,92.197659,0.0,0.0,0.0,0.0,0.0,1194.558003,1039.660102,0.0,8988.591497,0.0,3444.381676,1341.5005009999998,173.791485,286.206195,2257.949318,737.036541,131.379965,49.794085,5805.639516,23.906764,1441.5275139999999,102.256473,326.975385,31130.583056,0.0,544.106269,597.375267,353.781684,366.374425,272.734293,36.861721,53.030184,121.471864,573.829297,2374.047159,2565.0122549999996,1116.265622,8890.036116,551.940852,907.241287,399.063614,260.474164,592.393587,1703.376707,52.175784,2939.024225,1407.893038,2375.8851999999997,4456.427495,5194.006259,2760.08623,13431.699836,6024.270563,7097.908826,6941.102015,19253.878045,13802.980962,30486.485951,5202.903198,15124.47948,114.50412600000001,518.898411,11061.417901,3820.681542,2091.315048,593.008602,381.292042,3922.03656,943.767234,1711.809881,1055.329517,1606.931218,251.783941,232.912549,796.588126,832.726105,222.600084,200.429545,0.0,1521.98425,941.9045739999999,1606.636271,1048.984577,0.0,475.03112899999996,2604.287714,10929.876513,1496.545854,479.570428,558.235357,732.742714,1149.190503,1497.326794,427.017812,1260.5666469999999,768.248023,749.579161,813.2531160000001,1009.98801,747.362236,811.994723,919.829727,996.6282060000001,766.283542,834.584373,669.930361,629.821946,652.478401,740.3428409999999,519.223992,1239.638778,740.4749810000001,897.904787,629.169808,702.421923,606.839046,0.0,1842.720289,665.797892,656.816244,1168.879895,2852.524592,566.417791,651.964937,870.4425610000001,725.527237,1770.113516,254.446087,677.494027,1483.257489,858.003969,931.889589,524.966672,556.900193,895.767206,1050.137091,573.126723,931.864729,956.639715,1062.928113,1088.8554100000001,1848.318812,753.017494,267.478585,899.466428,768.300614,281.20311,1376.5700140000001,600.3971750000001,675.307948,883.067445,678.9750630000001,534.194409,695.978587,633.265038,1112.011313,278.54773,180.28958,1798.2391989999999,819.290163,159.09048,681.662259,227.695113,2640.153539,76.845437,280.133937,2903.4499530000003,2274.30362,867.9534239999999,2955.040183,5381.73535,5851.198645999999,1262.300937,12264.16426,1788.3522150000003,10140.718481,2325.183029,0.0,224.074748,691.052805,1024.55731,614.0577890000001,259.695543,54.823056,621.0068669999999,1078.135351,628.715421,582.538783
K3,32.4,1375.834687,561.976275,1151.487527,10647.334669,734.69962,1048.178215,2266.287805,2558.797868,630.123577,1661.678894,958.396781,2009.590238,796.08464,18190.450812,315.558533,48628.100826,1863.928241,471.76717299999996,561.538491,297.75572600000004,485.887412,298.445464,919.589283,480.540506,749.2444419999999,2053.574282,73.72654,1540.7344859999998,828.207275,1555.126197,347.716435,540.4100090000001,20577.982305,22995.726152,15800.552521,818.573626,1084.508189,982.049286,1668.238594,1084.677463,1520.175307,3611.7986220000003,463.878058,1073.0639999999999,2359.981463,244.79879,6734.719722,119.576487,2804.0840740000003,748.476456,546.070458,645.542962,615.50689,850.68134,185.992758,0.0,0.0,0.0,0.0,0.0,0.0,273.020682,0.0,11929.893229,0.0,2914.44247,1474.8102860000001,172.624802,329.996848,3039.438567,917.680973,116.483001,54.027198,5789.038647,13.084945,1494.072731,221.152832,341.213535,22824.897043,0.0,839.441445,0.0,296.986943,228.768382,318.038758,72.809783,13.31622,156.084895,323.706261,2144.001438,2025.179186,589.098037,6827.305672,756.546845,729.9791829999999,227.126216,430.09030099999995,775.431262,1494.2941879999998,33.176225,2785.334908,1332.21498,3045.863577,4651.824577,6074.704974,3454.232922,16525.830726,6190.797862,5880.760859,6714.164059,22233.503376,12081.285248,21463.518928,5899.274235,13735.258917,206.181307,679.499368,12002.865591,4614.90951,2221.399993,652.9402680000001,169.94833599999998,3229.2008130000004,927.155471,2013.954797,775.524354,1286.132797,421.468551,262.423615,948.700965,734.102793,267.915435,203.32446199999998,0.0,1619.683238,619.265287,811.826118,885.853903,0.0,607.690094,2785.855823,11103.009363,1506.778515,631.725395,785.4934209999999,657.176322,1323.762534,1168.904554,430.365126,1078.5441839999999,675.039438,589.810137,680.7157420000001,691.020823,680.187462,920.3688109999999,448.611529,700.768802,862.240873,938.065109,436.661381,592.906925,885.554713,789.928014,437.241664,1300.37393,973.655753,796.052501,1099.424333,781.04806,444.762082,0.0,2276.83653,868.281677,780.621425,1215.536424,3986.9027969999997,494.109767,634.531435,1270.249616,758.731396,1090.563471,512.525752,759.9841779999999,1411.884503,471.69645199999997,831.071519,538.248046,542.147438,823.224147,642.053074,427.923689,731.93934,726.158217,1068.6825039999999,1404.199987,1268.926971,491.506835,655.286867,975.6074570000001,943.244854,347.474099,2473.752057,729.6665340000001,1483.305503,1268.1114200000002,785.248331,449.271598,568.646375,769.997714,874.786676,168.057837,227.346494,1721.416705,906.2196739999999,154.790034,802.432064,168.152115,2434.754168,138.806862,149.858228,1940.618272,1251.17443,944.848172,440.075075,5198.541952,3738.91956,1503.0089600000001,9422.558762999999,2035.526715,10596.595262,2452.1932100000004,145.512564,217.298143,652.475321,1137.976298,810.508133,548.073895,31.784958,629.729137,571.9926379999999,585.467359,721.337669
X2,31.2,724.479836,453.139766,1306.554512,10326.256876,800.467858,831.4682710000001,3559.9368219999997,1681.27613,854.205365,1830.3319629999999,710.519185,1098.4735090000001,845.876172,15621.283227,354.174836,37847.412344,1881.1602630000002,791.174015,525.485491,278.342615,485.870041,346.39789299999995,1123.4928240000002,265.125454,826.8781639999999,2017.26205,158.616254,3164.463484,1288.349434,2289.573646,666.4391469999999,849.7256090000001,16419.934122,17035.146031,16070.120372,1026.127303,1478.909909,1357.980202,1597.9226469999999,1533.147877,1156.317387,3413.0545110000003,495.211846,477.368476,1726.235771,114.01176,4936.208336,134.89661999999998,3324.216796,897.641997,588.227729,810.401945,656.444481,1012.008881,65.334958,0.0,0.0,0.0,0.0,0.0,0.0,692.23859,0.0,8572.159343,0.0,2857.824265,1406.0530350000001,131.477239,308.182937,3163.065113,1292.089897,188.554481,55.460921,6409.326559,22.07688,1563.783637,160.003002,392.04380299999997,30416.76448,66.833334,624.961275,487.877732,582.334332,287.204582,328.15421,66.23195,86.923175,160.328625,783.737614,2893.688643,2305.382104,964.386989,6723.300086,614.153788,759.526472,586.734333,164.57229999999998,663.153996,1815.189884,71.292644,2430.915987,1697.973689,2308.333241,5864.118563000001,5964.806046,3278.213474,15826.764052,5682.6646980000005,5220.184254,5261.906194,20020.790621,13062.834152,26928.134986,4108.116863,10109.248219,182.477368,792.891714,11974.500673,2721.07962,2038.887727,557.978519,382.034446,3641.831004,1065.018132,1343.532524,1055.067665,1494.4162379999998,495.273048,234.070449,1136.504547,955.790002,336.33465,157.043464,0.0,1591.344457,1050.893796,637.227383,1168.987421,0.0,267.973841,2449.773911,9445.999641,2559.933087,761.96312,735.885828,980.692658,1589.746094,1480.60411,567.7556179999999,1153.3674700000001,699.226548,1045.081006,746.516744,812.465117,663.689863,811.50975,542.788024,815.421783,1104.91156,688.750598,964.1107589999999,631.420476,573.139782,1034.832069,895.7144949999999,1675.423847,1227.085232,822.065139,908.802831,722.705898,584.271525,650.234015,2579.619643,1161.487123,828.951318,1112.249624,2678.0271979999998,706.970179,822.8107080000001,1303.263936,959.751435,1696.7210850000001,464.009827,894.8398490000001,1315.2413470000001,718.454548,918.5773,676.940338,473.097682,1191.9667450000002,956.660796,547.708371,1013.014585,1138.926279,1475.153543,1201.199836,1588.041178,590.924706,703.535594,978.1175329999999,1167.223995,415.362352,2835.737336,1183.050391,1451.832857,931.281176,837.744494,335.559619,868.360998,849.3134819999999,1363.602651,179.5951,446.40583100000003,2365.6771989999997,1119.943056,150.70292,458.934696,222.944631,3723.5660820000003,248.04253699999998,275.375993,2909.812783,2166.294377,1009.202118,469.30937400000005,5505.257508,4219.9811,883.965193,9144.956093,1719.9954309999998,10240.549603000001,3516.1890999999996,0.0,179.952299,758.7510769999999,974.131089,638.511134,374.483647,8.129885,607.1692270000001,506.735352,902.291377,631.561582
X3,38.4,700.564132,565.732614,2287.642497,10021.235873,1367.854352,958.5659800000001,3149.375773,2430.540576,1130.126802,2010.0416089999999,526.414837,849.097353,919.705464,17594.399916,286.197808,50202.861592,2619.342392,790.931129,587.230071,251.27342399999998,445.25463199999996,352.440919,1106.158418,261.39503,723.340508,2002.374085,56.693391000000005,3378.90488,1228.705462,2013.573882,571.278414,633.3815490000001,17364.975571,23929.676215,17562.764141,1199.958941,1115.759395,1615.1137099999999,2062.365022,1696.426914,1364.679735,3320.9992159999997,448.935831,828.5899459999999,2082.659119,113.13741200000001,6160.705632,306.63916900000004,2803.5775869999998,874.839796,529.340637,429.605957,261.131489,982.921256,162.790018,0.0,1514.38005,0.0,1121.49287,0.0,0.0,0.0,0.0,9386.739937,0.0,2975.08034,1328.5734229999998,120.377551,656.409467,3054.7504200000003,1200.747066,279.004617,90.639451,5008.780266,4.340813,2234.932309,238.381863,449.082773,29682.181501,86.629914,515.742118,720.882594,223.13413,275.151636,288.193561,16.252175,36.439824,143.303374,390.987727,2507.831461,2167.957988,856.323431,4864.831674,617.581855,681.31553,630.127679,287.756448,506.70793399999997,1464.9724959999999,56.961803,3039.753212,1270.834304,1663.682458,4440.627484000001,4886.317182,3267.731103,14827.115872,5219.694341,5901.883784,6017.205778,19617.308829,13184.282345,25327.445521,4593.914056,12484.243968,218.26744300000001,614.200126,10654.793679,3378.545335,1923.9269649999999,560.9767750000001,84.074286,4194.228895,1292.0344790000001,1479.277782,854.158115,1436.7293370000002,273.543648,321.973488,901.011392,718.912144,140.529845,112.467536,0.0,1727.906684,1291.966317,673.4817,714.900571,21.436204,399.67329800000005,2106.938843,9357.773702,2099.020734,638.3050450000001,725.439241,834.960839,1850.723309,1548.153621,463.96355800000003,1426.188748,829.9669160000001,795.9319350000001,837.1740739999999,1162.456168,863.433334,862.305291,925.341682,793.862301,1047.22909,972.313233,963.340943,1061.645161,749.821376,878.392914,627.185264,1808.574207,791.1095210000001,820.432683,958.964832,878.932161,631.459437,0.0,1742.67819,848.836689,789.610217,1342.790659,2574.092096,683.1492519999999,975.9237969999999,1070.942052,964.790835,1713.9396649999999,683.685767,849.4900220000001,1224.878211,765.849751,1164.018861,661.985586,752.0375730000001,1178.783898,917.326129,705.107134,942.615188,526.31367,1374.066521,1262.442421,2235.181219,635.472391,892.267445,977.157328,970.0491959999999,345.623167,1663.591837,285.951959,906.227329,702.334981,956.218937,464.69911,730.0852150000001,624.915075,895.038886,354.464436,319.189699,2595.174541,1171.619355,144.244139,718.68761,259.209699,4173.509672,211.204228,289.56827,2681.157805,2109.96437,1284.140701,674.871617,5222.759242,4470.498332,1162.039797,9724.020578,896.644099,9876.193867,3319.604639,0.0,237.822846,603.840045,1462.777299,563.648849,306.009571,22.131093,707.6135730000001,819.746447,656.7223389999999,545.828517
